ID_Voiture,Brand,Year,Fuel,Kilometrage,Price
1,BMW,2005,Diesel,295048.0,11700.0
2,BMW,2007,Diesel,365305.0,11000.0
3,Mercedes,2017,Petrol,107727.0,122300.0
4,BMW,2016,Petrol,123695.0,89200.0
5,Renault,2005,Petrol,249742.0,6100.0
6,BMW,2006,Diesel,212206.0,23300.0
7,Mercedes,2012,Petrol,263105.0,33800.0
8,BMW,2002,Diesel,247172.0,12400.0
9,BMW,2023,Diesel,15996.0,285100.0
10,Dacia,2019,,83284.0,37400.0
11,BMW,2019,Diesel,97017.0,147600.0
12,BMW,2004,Diesel,299909.0,10000.0
13,Renault,2003,,509196.0,2900.0
14,Renault,2005,Diesel,347716.0,3600.0
15,Dacia,2011,Petrol,256832.0,7300.0
16,Dacia,2019,Diesel,106115.0,38200.0
17,Dacia,2013,Petrol,238606.0,10100.0
18,Renault,2014,Diesel,190839.0,24100.0
19,BMW,2011,Diesel,272512.0,26700.0
20,Mercedes,2006,Petrol,444556.0,10500.0
21,Dacia,2016,Diesel,147297.0,23900.0
22,Renault,2015,Petrol,129999.0,31400.0
23,Renault,2017,Petrol,86679.0,45000.0
24,BMW,2019,Diesel,69720.0,160900.0
25,Dacia,2001,,514536.0,1400.0
26,Mercedes,2015,Petrol,176017.0,75900.0
27,Renault,2013,Diesel,254728.0,15000.0
28,Dacia,2012,Diesel,152430.0,15400.0
29,Dacia,2004,Diesel,367949.0,2100.0
30,Dacia,2005,Diesel,362856.0,2400.0
31,Dacia,2009,Petrol,249054.0,6200.0
32,Mercedes,2019,Petrol,85912.0,162300.0
33,Renault,2013,Diesel,156027.0,25300.0
34,Dacia,2015,Diesel,97535.0,25800.0
35,Renault,2013,Petrol,159103.0,22700.0
36,Dacia,2008,Diesel,291494.0,4400.0
37,Mercedes,2000,Petrol,516044.0,5600.0
38,Mercedes,2017,Petrol,164205.0,98700.0
39,Dacia,2020,Petrol,,47000.0
40,BMW,2019,Petrol,100076.0,132800.0
41,Mercedes,2014,Petrol,130559.0,82200.0
42,Mercedes,2008,Petrol,179244.0,35800.0
43,Renault,2022,Petrol,40783.0,87300.0
44,BMW,2004,Diesel,,8000.0
45,Dacia,2014,Diesel,184009.0,16600.0
46,Dacia,2014,Diesel,204401.0,15000.0
47,Renault,2013,Diesel,170610.0,23800.0
48,Renault,2001,Diesel,514062.0,2300.0
49,Dacia,2021,Diesel,60553.0,54400.0
50,Dacia,2012,Petrol,196715.0,11500.0
51,Dacia,2005,Petrol,369728.0,2200.0
52,Mercedes,2016,Diesel,146430.0,105100.0
53,BMW,2001,Diesel,258348.0,10400.0
54,Dacia,2017,Diesel,112228.0,30300.0
55,Renault,2007,Diesel,217416.0,10000.0
56,BMW,2019,Diesel,105435.0,143500.0
57,Mercedes,2000,Petrol,437475.0,5600.0
58,Dacia,2017,Petrol,130594.0,25800.0
59,Mercedes,2015,Diesel,173115.0,84600.0
60,Renault,2012,Petrol,288960.0,9400.0
61,BMW,2016,Petrol,142365.0,83200.0
62,Dacia,2021,Diesel,30439.0,59300.0
63,Dacia,2012,Diesel,150469.0,15500.0
64,Dacia,2002,Diesel,409454.0,1700.0
65,Mercedes,2016,Diesel,81270.0,132100.0
66,Dacia,2016,Diesel,164892.0,22300.0
67,Mercedes,2005,Diesel,190597.0,27200.0
68,Dacia,2003,Petrol,425628.0,1800.0
69,Mercedes,2022,Diesel,46602.0,275500.0
70,Renault,2002,Petrol,513550.0,2400.0
71,BMW,2020,Diesel,68841.0,179300.0
72,Mercedes,2006,Diesel,405339.0,11600.0
73,BMW,2019,Diesel,50362.0,170300.0
74,Dacia,2008,Petrol,168989.0,8600.0
75,Renault,2021,Diesel,60869.0,81600.0
76,Dacia,2014,Diesel,112029.0,22100.0
77,Renault,2011,Diesel,,6700.0
78,Dacia,2018,,76079.0,37900.0
79,BMW,2023,Diesel,24239.0,279000.0
80,Mercedes,2006,,223379.0,25500.0
81,Mercedes,2007,Diesel,364328.0,12800.0
82,Dacia,2013,Diesel,113016.0,19800.0
83,Renault,2000,Diesel,471328.0,2100.0
84,Dacia,2007,Petrol,,3900.0
85,Dacia,2003,Diesel,,1900.0
86,Renault,2018,Petrol,99134.0,48000.0
87,Dacia,2001,Diesel,467183.0,1600.0
88,BMW,2008,Diesel,234871.0,25200.0
89,Dacia,2000,Petrol,419462.0,1300.0
90,Mercedes,2022,Diesel,27871.0,290100.0
91,Mercedes,2011,Petrol,,31900.0
92,BMW,2007,Diesel,186236.0,29400.0
93,Renault,2015,Diesel,192156.0,26600.0
94,Mercedes,2016,Diesel,114783.0,118200.0
95,Mercedes,2022,Petrol,28171.0,263500.0
96,Renault,2012,Diesel,215951.0,17200.0
97,BMW,2015,Diesel,206638.0,61800.0
98,Dacia,2012,Diesel,260555.0,8700.0
99,Mercedes,2015,Diesel,200781.0,74300.0
100,Dacia,2008,Petrol,259141.0,5200.0
101,Dacia,2006,Diesel,438120.0,2600.0
102,Renault,2014,Diesel,149228.0,28900.0
103,Mercedes,2001,Diesel,500357.0,6800.0
104,Dacia,2004,Petrol,436691.0,1900.0
105,Renault,2016,Diesel,160445.0,34000.0
106,BMW,2002,Petrol,458542.0,5900.0
107,Mercedes,2001,Diesel,372357.0,6800.0
108,Mercedes,2023,Petrol,16687.0,301900.0
109,BMW,2004,Petrol,368546.0,7300.0
110,Renault,2016,Petrol,129788.0,34900.0
111,Dacia,2010,Diesel,328574.0,4000.0
112,Mercedes,2008,Diesel,325650.0,14300.0
113,BMW,2008,Petrol,275921.0,17200.0
114,BMW,2009,Diesel,195138.0,34800.0
115,Mercedes,2021,Petrol,53599.0,221000.0
116,Mercedes,2000,Petrol,519658.0,5600.0
117,BMW,2014,Diesel,117977.0,81100.0
118,Renault,2014,Petrol,196895.0,21200.0
119,Renault,2014,Diesel,238236.0,18600.0
120,Dacia,2009,Diesel,232597.0,7600.0
121,Renault,2014,Diesel,215909.0,21200.0
122,Renault,2000,Diesel,370960.0,2100.0
123,Renault,2017,Diesel,81160.0,50300.0
124,BMW,2005,Diesel,,8900.0
125,Renault,2012,Diesel,266991.0,12400.0
126,BMW,2001,Petrol,276491.0,8200.0
127,BMW,2013,Diesel,148786.0,65000.0
128,Renault,2013,Diesel,151153.0,25800.0
129,Renault,2013,Diesel,158737.0,25000.0
130,BMW,2013,Diesel,188586.0,54700.0
131,Mercedes,2010,Diesel,238296.0,35600.0
132,BMW,2009,Petrol,250515.0,23100.0
133,Dacia,2003,Petrol,419387.0,1800.0
134,Mercedes,2001,Diesel,,6800.0
135,Dacia,2015,Petrol,131983.0,20800.0
136,Mercedes,2009,Diesel,307259.0,18400.0
137,Dacia,2009,Petrol,259549.0,5800.0
138,BMW,2012,Petrol,144383.0,54100.0
139,Mercedes,2014,,173900.0,69000.0
140,BMW,2017,Diesel,169663.0,90900.0
141,Mercedes,2009,Diesel,263572.0,27000.0
142,Renault,2011,Diesel,165430.0,19700.0
143,Dacia,2005,,297347.0,3100.0
144,Dacia,2019,Diesel,106920.0,38100.0
145,BMW,2021,Petrol,55785.0,188200.0
146,Mercedes,2003,Diesel,221498.0,18800.0
147,Renault,2021,Diesel,39530.0,86700.0
148,BMW,2019,Diesel,94574.0,148800.0
149,Mercedes,2018,Petrol,101058.0,139000.0
150,Dacia,2008,Diesel,390611.0,3300.0
151,Dacia,2001,Petrol,492388.0,1400.0
152,Mercedes,2014,Petrol,207213.0,58800.0
153,BMW,2014,Diesel,156350.0,70100.0
154,Renault,2005,Diesel,432763.0,3600.0
155,BMW,2006,Diesel,189063.0,26100.0
156,Mercedes,2002,Diesel,433373.0,7600.0
157,Mercedes,2020,Petrol,85469.0,180600.0
158,Renault,2001,Diesel,277309.0,500000.0
159,Renault,2003,Petrol,451021.0,2600.0
160,BMW,2011,Diesel,155203.0,51300.0
161,Renault,2009,Diesel,180872.0,14900.0
162,Dacia,2007,Diesel,188185.0,7800.0
163,Renault,2005,Petrol,421631.0,3200.0
164,BMW,2009,Diesel,250560.0,25400.0
165,Mercedes,2016,Petrol,103217.0,111800.0
166,BMW,2004,Diesel,435377.0,8000.0
167,Mercedes,2005,Petrol,345957.0,9500.0
168,Mercedes,2016,Diesel,194967.0,85000.0
169,Dacia,2008,Petrol,366566.0,3000.0
170,BMW,2018,Petrol,99374.0,119800.0
171,Mercedes,2005,Petrol,301215.0,11700.0
172,Renault,2022,Diesel,,98200.0
173,Renault,2011,,297175.0,7800.0
174,BMW,2022,Diesel,43508.0,238200.0
175,BMW,2004,Petrol,449604.0,7300.0
176,Dacia,2017,Diesel,172158.0,24000.0
177,BMW,2010,Petrol,342266.0,13700.0
178,Dacia,2006,Petrol,280246.0,3600.0
179,Dacia,2009,Petrol,309123.0,3700.0
180,Dacia,2002,Petrol,238748.0,3200.0
181,Renault,2000,Diesel,323781.0,2100.0
182,Dacia,2020,Petrol,69141.0,43400.0
183,Renault,2004,Diesel,386563.0,3200.0
184,Dacia,2012,Diesel,121256.0,17300.0
185,Dacia,2009,Diesel,269534.0,5900.0
186,Dacia,2008,Diesel,194114.0,8400.0
187,Mercedes,2018,Petrol,129140.0,126000.0
188,Renault,2021,Diesel,33697.0,88100.0
189,BMW,2021,Diesel,62402.0,203000.0
190,Renault,2009,Diesel,224686.0,11900.0
191,Mercedes,2002,Petrol,313341.0,7500.0
192,Mercedes,2020,Diesel,46095.0,223500.0
193,Renault,2023,Diesel,13135.0,114900.0
194,BMW,2012,Diesel,217162.0,42600.0
195,Dacia,2011,Diesel,323431.0,4500.0
196,Dacia,2023,Diesel,19171.0,75400.0
197,Renault,2021,Diesel,71405.0,79100.0
198,BMW,2007,Diesel,226854.0,23800.0
199,Dacia,2017,,163902.0,24800.0
200,Mercedes,2001,Diesel,390306.0,6800.0
201,Renault,2011,Diesel,318522.0,6800.0
202,Mercedes,2002,Diesel,233373.0,15800.0
203,Renault,2012,,287212.0,10500.0
204,Mercedes,2008,Diesel,343268.0,14300.0
205,Dacia,2011,,311719.0,4900.0
206,Mercedes,2014,Diesel,239039.0,54000.0
207,Renault,2001,Diesel,551329.0,2300.0
208,Renault,2015,Petrol,125338.0,31900.0
209,Mercedes,2004,Diesel,451712.0,9400.0
210,Mercedes,2012,Diesel,246839.0,41600.0
211,Dacia,2018,Diesel,135870.0,30900.0
212,Renault,2023,Petrol,11887.0,104800.0
213,Mercedes,2016,,175421.0,93000.0
214,Renault,2007,Diesel,312522.0,4800.0
215,BMW,2013,Petrol,188740.0,49700.0
216,BMW,2000,Petrol,310506.0,5400.0
217,Renault,2006,Diesel,364984.0,4000.0
218,Renault,2011,Diesel,130522.0,22600.0
219,Renault,2020,Diesel,95517.0,65900.0
220,Renault,2016,Petrol,180833.0,28300.0
221,Dacia,2016,Diesel,185970.0,20300.0
222,BMW,2014,Diesel,179284.0,63500.0
223,Dacia,2020,Diesel,92557.0,44400.0
224,Dacia,2008,,181707.0,8100.0
225,Dacia,2016,Petrol,190456.0,18000.0
226,Dacia,2016,Diesel,104020.0,28000.0
227,BMW,2021,Diesel,63698.0,500000.0
228,Renault,2022,Petrol,39272.0,87700.0
229,Mercedes,2015,Petrol,,71700.0
230,BMW,2009,Petrol,,13500.0
231,Dacia,2016,Diesel,103765.0,28100.0
232,Renault,2018,Diesel,140796.0,45500.0
233,BMW,2011,Petrol,281970.0,22500.0
234,Mercedes,2015,Petrol,192500.0,70300.0
235,Dacia,2014,Petrol,222651.0,12400.0
236,BMW,2021,Diesel,61789.0,203400.0
237,Dacia,2018,Petrol,,30600.0
238,Dacia,2020,Diesel,97748.0,43600.0
239,Mercedes,2021,Petrol,60477.0,216600.0
240,BMW,2000,Diesel,463261.0,5300.0
241,BMW,2022,Diesel,42752.0,238700.0
242,BMW,2014,Diesel,148494.0,72300.0
243,Mercedes,2019,Diesel,105751.0,167200.0
244,Dacia,2022,Petrol,,58500.0
245,BMW,2005,Diesel,283942.0,12900.0
246,Dacia,2022,Diesel,27365.0,66400.0
247,BMW,2015,Diesel,202553.0,63100.0
248,Dacia,2023,Diesel,12604.0,76700.0
249,Dacia,2009,Petrol,270108.0,5300.0
250,Mercedes,2015,Diesel,177064.0,83100.0
251,Dacia,2016,Petrol,190316.0,18100.0
252,BMW,2015,,193489.0,66000.0
253,BMW,2019,Diesel,76711.0,157500.0
254,Dacia,2003,Diesel,498463.0,1900.0
255,Dacia,2009,Diesel,363389.0,3600.0
256,Mercedes,2023,Diesel,16314.0,332400.0
257,Renault,2008,Diesel,365170.0,4900.0
258,Renault,2013,Diesel,182270.0,22500.0
259,Mercedes,2012,Diesel,289686.0,30000.0
260,BMW,2009,Diesel,366406.0,13600.0
261,Mercedes,2021,Petrol,54366.0,220500.0
262,BMW,2014,Petrol,207047.0,50500.0
263,Dacia,2010,Petrol,152333.0,11300.0
264,Mercedes,2008,Petrol,395638.0,13000.0
265,Dacia,2000,Petrol,310418.0,1400.0
266,Renault,2002,Petrol,400146.0,2400.0
267,Mercedes,2001,Petrol,277542.0,9500.0
268,Mercedes,2010,Diesel,260080.0,30800.0
269,Renault,2013,Petrol,151752.0,23400.0
270,BMW,2003,Petrol,,6600.0
271,Mercedes,2011,Petrol,186254.0,47500.0
272,Dacia,2015,Diesel,121481.0,23700.0
273,BMW,2000,,241614.0,10400.0
274,BMW,2001,Diesel,548139.0,5800.0
275,BMW,2002,Petrol,458544.0,5900.0
276,BMW,2000,Petrol,,4800.0
277,Dacia,2010,Diesel,203404.0,9900.0
278,Dacia,2016,Diesel,97368.0,28700.0
279,Dacia,2013,Diesel,147104.0,17500.0
280,Renault,2013,Diesel,245920.0,16000.0
281,BMW,2005,Diesel,296212.0,11600.0
282,Mercedes,2023,Diesel,10630.0,337300.0
283,Mercedes,2005,Diesel,196089.0,26500.0
284,Renault,2014,Diesel,198635.0,23200.0
285,Mercedes,2000,Diesel,455333.0,6100.0
286,Dacia,2009,Diesel,299288.0,4600.0
287,Dacia,2022,Diesel,31401.0,65700.0
288,Dacia,2021,Diesel,43776.0,57100.0
289,Dacia,2000,Diesel,594483.0,1400.0
290,Dacia,2023,Diesel,17812.0,75700.0
291,Renault,2009,Diesel,273246.0,8600.0
292,BMW,2023,Diesel,21415.0,281100.0
293,BMW,2022,Diesel,23797.0,251400.0
294,BMW,2013,Diesel,184307.0,55800.0
295,BMW,2001,Diesel,338905.0,5800.0
296,BMW,2021,Petrol,49738.0,191500.0
297,Dacia,2016,Diesel,129521.0,25600.0
298,Renault,2001,Petrol,,2100.0
299,Mercedes,2011,Petrol,288467.0,24800.0
300,Renault,2014,Diesel,218783.0,20900.0
301,Renault,2001,Petrol,565835.0,2100.0
302,BMW,2021,Diesel,31828.0,221400.0
303,Dacia,2017,Diesel,132125.0,28200.0
304,Dacia,2015,,130498.0,23000.0
305,Renault,2008,Diesel,279594.0,7400.0
306,Renault,2003,Diesel,461878.0,2900.0
307,Mercedes,2016,Petrol,194012.0,77600.0
308,Mercedes,2022,Diesel,20647.0,295800.0
309,Dacia,2001,Diesel,400765.0,1600.0
310,Mercedes,2013,Petrol,209572.0,52300.0
311,BMW,2013,Diesel,251593.0,38400.0
312,Dacia,2015,Diesel,163337.0,20200.0
313,Dacia,2006,,312987.0,2600.0
314,BMW,2023,Diesel,13383.0,287100.0
315,Renault,2004,Diesel,242673.0,6300.0
316,Renault,2007,Diesel,295718.0,5700.0
317,Mercedes,2003,Diesel,290783.0,11500.0
318,BMW,2018,Diesel,112697.0,126000.0
319,Mercedes,2018,Diesel,94595.0,156200.0
320,Mercedes,2023,Diesel,21150.0,328200.0
321,Dacia,2002,,402301.0,1700.0
322,Renault,2019,Diesel,69275.0,64400.0
323,Mercedes,2013,Diesel,217739.0,55100.0
324,Renault,2022,Diesel,45130.0,94900.0
325,BMW,2006,Diesel,222738.0,22000.0
326,Renault,2022,Petrol,41043.0,87200.0
327,Mercedes,2009,Petrol,331963.0,14400.0
328,BMW,2003,Diesel,370057.0,7200.0
329,Dacia,2012,Diesel,198410.0,12500.0
330,BMW,2021,Diesel,67527.0,200000.0
331,BMW,2001,Petrol,477637.0,5300.0
332,BMW,2008,Petrol,175445.0,31200.0
333,Renault,2019,Diesel,63850.0,65500.0
334,Dacia,2001,Diesel,232241.0,3300.0
335,Renault,2001,Diesel,458523.0,2300.0
336,BMW,2021,Diesel,64817.0,201600.0
337,Renault,2000,Diesel,432117.0,2100.0
338,BMW,2014,,185290.0,56100.0
339,BMW,2022,Petrol,21125.0,230200.0
340,BMW,2016,Petrol,199066.0,64900.0
341,Renault,2018,Diesel,145051.0,44700.0
342,BMW,2022,Diesel,44598.0,237500.0
343,Mercedes,2002,Diesel,287468.0,10700.0
344,Dacia,2003,Petrol,433070.0,1800.0
345,Dacia,2012,Diesel,146548.0,15700.0
346,Renault,2009,Diesel,157998.0,16400.0
347,Dacia,2018,Petrol,82590.0,33700.0
348,BMW,2000,Diesel,,5300.0
349,Renault,2005,Diesel,261469.0,6200.0
350,Renault,2003,Diesel,308342.0,3300.0
351,BMW,2017,Diesel,71286.0,129700.0
352,Mercedes,2002,,546075.0,7600.0
353,BMW,2009,,151380.0,38400.0
354,Dacia,2007,Diesel,248952.0,5500.0
355,Dacia,2018,Diesel,94317.0,35700.0
356,Dacia,2002,Diesel,223468.0,3800.0
357,BMW,2001,Diesel,410809.0,5800.0
358,BMW,2010,Diesel,297560.0,19300.0
359,Mercedes,2000,Diesel,563951.0,6100.0
360,Renault,2003,Petrol,478030.0,2600.0
361,Renault,2014,Petrol,245806.0,16100.0
362,BMW,2000,Diesel,,5300.0
363,Mercedes,2020,Petrol,57394.0,196700.0
364,Renault,2010,Petrol,,12600.0
365,Dacia,2013,Diesel,165064.0,16200.0
366,Renault,2013,Diesel,195931.0,21100.0
367,Mercedes,2015,Petrol,112948.0,97300.0
368,BMW,2023,Petrol,14164.0,260400.0
369,Dacia,2000,Diesel,588329.0,1400.0
370,Renault,2011,Diesel,179742.0,18500.0
371,Renault,2016,Diesel,190066.0,29800.0
372,Renault,2018,Diesel,62322.0,59200.0
373,BMW,2010,Diesel,176436.0,42200.0
374,Dacia,2013,Diesel,150331.0,17200.0
375,BMW,2000,Diesel,340940.0,5300.0
376,Mercedes,2010,Diesel,257590.0,31400.0
377,Renault,2001,Diesel,249946.0,4400.0
378,BMW,2008,Diesel,165154.0,35900.0
379,Dacia,2013,Diesel,147717.0,17400.0
380,BMW,2012,Diesel,130055.0,62900.0
381,BMW,2016,Diesel,140292.0,92200.0
382,BMW,2012,Diesel,247904.0,35400.0
383,BMW,2003,Petrol,417582.0,6600.0
384,Dacia,2009,Diesel,326739.0,3600.0
385,Renault,2017,Diesel,156362.0,38500.0
386,Renault,2019,Diesel,,66800.0
387,Mercedes,2012,Diesel,272408.0,34700.0
388,Mercedes,2006,Petrol,380999.0,10500.0
389,Renault,2023,Diesel,21296.0,112500.0
390,Dacia,2011,Diesel,156839.0,13600.0
391,Renault,2002,Diesel,359437.0,2600.0
392,BMW,2004,Petrol,,7300.0
393,BMW,2007,Diesel,355415.0,11000.0
394,Mercedes,2018,Diesel,96185.0,155400.0
395,Dacia,2006,Diesel,203859.0,6500.0
396,Mercedes,2004,Diesel,255653.0,16900.0
397,Mercedes,2008,Petrol,296739.0,16700.0
398,Dacia,2011,Diesel,176222.0,12500.0
399,BMW,2010,Diesel,165162.0,44300.0
400,Dacia,2001,Diesel,251041.0,2900.0
401,Renault,2005,Diesel,280898.0,5300.0
402,Mercedes,2011,Petrol,176829.0,49600.0
403,Dacia,2019,Diesel,123758.0,35900.0
404,BMW,2001,Diesel,243884.0,11400.0
405,Dacia,2007,Diesel,357958.0,2900.0
406,BMW,2003,Petrol,214040.0,15300.0
407,BMW,2009,Diesel,292685.0,18200.0
408,BMW,2011,Petrol,244889.0,29600.0
409,Dacia,2002,Diesel,379589.0,1700.0
410,Dacia,2015,Diesel,93739.0,26100.0
411,Dacia,2000,Diesel,510911.0,1400.0
412,BMW,2013,,128018.0,70400.0
413,Dacia,2015,,160948.0,20400.0
414,Mercedes,2020,Petrol,49968.0,200900.0
415,Mercedes,2003,Petrol,264998.0,12900.0
416,Dacia,2017,Petrol,164069.0,22600.0
417,BMW,2020,Petrol,58760.0,167900.0
418,Renault,2001,Diesel,553700.0,2300.0
419,Renault,2014,Diesel,247613.0,17500.0
420,Dacia,2020,Diesel,43878.0,51400.0
421,Mercedes,2017,Diesel,174975.0,103600.0
422,Dacia,2002,Diesel,,1700.0
423,Dacia,2000,Petrol,348570.0,1300.0
424,Renault,2006,Petrol,351096.0,500000.0
425,Renault,2020,Diesel,97554.0,65500.0
426,Renault,2012,Diesel,185801.0,20000.0
427,BMW,2012,Petrol,247747.0,32300.0
428,Mercedes,2017,Diesel,131824.0,123500.0
429,Renault,2011,Diesel,218388.0,15200.0
430,Mercedes,2014,Petrol,150646.0,76100.0
431,Dacia,2002,Diesel,461968.0,1700.0
432,Mercedes,2008,Diesel,304685.0,17000.0
433,Dacia,2002,Diesel,254487.0,3200.0
434,Mercedes,2007,Diesel,332256.0,12800.0
435,Mercedes,2019,Diesel,72865.0,185900.0
436,Mercedes,2007,Diesel,270026.0,20900.0
437,Dacia,2003,,217253.0,4400.0
438,BMW,2000,Petrol,297540.0,6100.0
439,Mercedes,2001,Diesel,540389.0,6800.0
440,Renault,2007,Diesel,313771.0,4700.0
441,BMW,2022,Diesel,34426.0,244300.0
442,BMW,2016,Diesel,,91200.0
443,Mercedes,2015,Petrol,139934.0,88200.0
444,Dacia,2012,Diesel,279692.0,7500.0
445,Renault,2022,Diesel,23538.0,100600.0
446,Mercedes,2003,Diesel,,8400.0
447,BMW,2001,Diesel,437815.0,5800.0
448,Mercedes,2013,Diesel,178493.0,66900.0
449,BMW,2016,Petrol,81762.0,102700.0
450,BMW,2014,Diesel,128356.0,78100.0
451,BMW,2004,Diesel,296902.0,10300.0
452,Dacia,2000,Diesel,402788.0,1400.0
453,Mercedes,2021,Petrol,62343.0,215400.0
454,BMW,2001,Diesel,384913.0,5800.0
455,Mercedes,2019,Petrol,97905.0,156100.0
456,BMW,2010,Diesel,,19600.0
457,Mercedes,2000,Diesel,362355.0,6100.0
458,Mercedes,2023,Petrol,18871.0,300100.0
459,Dacia,2017,Petrol,106995.0,28000.0
460,Dacia,2023,Petrol,16602.0,69000.0
461,Dacia,2017,Petrol,145392.0,24400.0
462,Renault,2012,Diesel,134727.0,24700.0
463,BMW,2008,Diesel,266284.0,20400.0
464,Mercedes,2020,Petrol,85482.0,180600.0
465,Renault,2013,Diesel,152878.0,25600.0
466,Dacia,2005,Diesel,321035.0,2400.0
467,Renault,2019,Diesel,68743.0,64500.0
468,Dacia,2004,Petrol,364312.0,1900.0
469,Renault,2019,Diesel,115722.0,55400.0
470,Dacia,2003,Petrol,379873.0,1800.0
471,Mercedes,2017,Diesel,84699.0,145200.0
472,Renault,2023,Diesel,15712.0,114100.0
473,Renault,2012,Diesel,185374.0,20000.0
474,Renault,2018,Diesel,,48000.0
475,Mercedes,2020,Diesel,54186.0,218400.0
476,Mercedes,2020,Diesel,75784.0,204700.0
477,Mercedes,2007,Diesel,391540.0,12800.0
478,Dacia,2004,Diesel,435523.0,2100.0
479,Dacia,2016,Diesel,132461.0,25300.0
480,Renault,2005,Petrol,369797.0,3200.0
481,Mercedes,2018,,92110.0,157500.0
482,BMW,2009,,302872.0,16500.0
483,BMW,2022,Diesel,47868.0,235300.0
484,Mercedes,2014,,142926.0,78400.0
485,Mercedes,2022,Diesel,34155.0,285200.0
486,Renault,2014,Diesel,140859.0,29800.0
487,BMW,2018,Diesel,140346.0,113800.0
488,Renault,2018,Diesel,89304.0,54500.0
489,Renault,2014,Diesel,233436.0,19200.0
490,Renault,2003,Petrol,258752.0,4600.0
491,Mercedes,2013,,147911.0,69200.0
492,Mercedes,2004,Diesel,322617.0,9400.0
493,Mercedes,2012,Petrol,269403.0,32300.0
494,Dacia,2004,Diesel,,2100.0
495,Mercedes,2004,Diesel,380265.0,9400.0
496,Dacia,2011,Diesel,133544.0,14900.0
497,Renault,2014,Diesel,224771.0,20200.0
498,Mercedes,2018,Diesel,101987.0,152400.0
499,BMW,2003,Diesel,390352.0,7200.0
500,Renault,2002,Diesel,440865.0,2600.0
501,BMW,2002,,430193.0,6500.0
502,Dacia,2011,Diesel,318828.0,4500.0
503,Dacia,2009,Diesel,221870.0,8100.0
504,BMW,2009,Diesel,182833.0,36900.0
505,Dacia,2023,Petrol,23571.0,67800.0
506,Mercedes,2017,Petrol,95569.0,127400.0
507,Dacia,2012,Petrol,247318.0,8600.0
508,Renault,2022,Diesel,38730.0,96600.0
509,Mercedes,2021,Diesel,43852.0,249900.0
510,BMW,2006,Diesel,197822.0,25000.0
511,Renault,2021,Diesel,73786.0,78500.0
512,Mercedes,2007,Diesel,241254.0,25500.0
513,Dacia,2019,Petrol,58648.0,40300.0
514,Renault,2007,Diesel,385995.0,4400.0
515,Mercedes,2012,Diesel,180177.0,59800.0
516,Renault,2004,Diesel,230887.0,6800.0
517,BMW,2018,Diesel,105923.0,128900.0
518,Renault,2006,Diesel,244288.0,7700.0
519,Mercedes,2017,Diesel,145068.0,117400.0
520,BMW,2020,Diesel,64133.0,181800.0
521,Mercedes,2010,Diesel,285628.0,25200.0
522,Dacia,2017,Diesel,138752.0,27500.0
523,Mercedes,2003,Diesel,466249.0,8400.0
524,BMW,2016,Petrol,,86200.0
525,Renault,2008,Diesel,283228.0,7100.0
526,Renault,2014,Diesel,165963.0,26900.0
527,Renault,2000,Petrol,534670.0,1900.0
528,Renault,2023,Petrol,24839.0,101300.0
529,Mercedes,2018,Petrol,115841.0,132100.0
530,BMW,2015,Diesel,192958.0,66200.0
531,Mercedes,2011,Petrol,295197.0,23300.0
532,Renault,2007,Diesel,350382.0,4400.0
533,Dacia,2011,Diesel,288448.0,6200.0
534,BMW,2007,Diesel,254705.0,20000.0
535,BMW,2000,Petrol,358720.0,4800.0
536,BMW,2019,Diesel,70319.0,160600.0
537,Dacia,2004,Diesel,251470.0,4000.0
538,BMW,2022,Petrol,33508.0,222600.0
539,Renault,2016,Diesel,187255.0,30200.0
540,Dacia,2010,Petrol,243932.0,7100.0
541,Dacia,2021,Diesel,65154.0,53700.0
542,Renault,2005,Diesel,202433.0,8800.0
543,BMW,2000,,462499.0,4800.0
544,Renault,2016,Diesel,90383.0,44000.0
545,Dacia,2010,Diesel,284008.0,5800.0
546,BMW,2013,Diesel,199557.0,51900.0
547,Dacia,2005,Petrol,292796.0,2900.0
548,Mercedes,2018,Petrol,147135.0,117600.0
549,Renault,2007,Diesel,207999.0,10600.0
550,Mercedes,2016,Diesel,106583.0,121600.0
551,BMW,2008,Diesel,235815.0,25100.0
552,Renault,2020,Diesel,54393.0,74800.0
553,Dacia,2019,Diesel,102359.0,38700.0
554,Mercedes,2023,Diesel,12583.0,335600.0
555,BMW,2022,Diesel,23230.0,251800.0
556,Renault,2022,Diesel,42147.0,95700.0
557,Mercedes,2009,Diesel,181165.0,43400.0
558,Mercedes,2019,Diesel,,173200.0
559,Mercedes,2000,Petrol,281969.0,8200.0
560,Mercedes,2018,Diesel,133941.0,500000.0
561,Mercedes,2001,Diesel,497002.0,6800.0
562,Renault,2011,Diesel,148427.0,21100.0
563,Renault,2017,Diesel,139251.0,41200.0
564,BMW,2013,Diesel,271438.0,33300.0
565,Mercedes,2021,Diesel,74849.0,228100.0
566,Renault,2018,,124476.0,43900.0
567,Dacia,2007,Diesel,298717.0,3700.0
568,BMW,2002,Petrol,384033.0,5900.0
569,Renault,2017,Diesel,96060.0,48000.0
570,Renault,2012,Petrol,201423.0,16800.0
571,BMW,2017,Petrol,172159.0,81700.0
572,Renault,2007,Diesel,233845.0,9100.0
573,Mercedes,2014,Petrol,166244.0,71300.0
574,Dacia,2010,Petrol,178579.0,10100.0
575,Renault,2017,Petrol,123801.0,39600.0
576,BMW,2015,Petrol,165454.0,68200.0
577,BMW,2012,Diesel,274494.0,29200.0
578,Renault,2009,Diesel,339940.0,5400.0
579,BMW,2016,Diesel,156354.0,86500.0
580,Mercedes,2002,Diesel,500139.0,7600.0
581,Renault,2015,Petrol,189491.0,24500.0
582,Renault,2016,Diesel,175369.0,31900.0
583,Mercedes,2015,Diesel,161092.0,89100.0
584,Mercedes,2000,Diesel,314991.0,6500.0
585,Mercedes,2003,Diesel,,16800.0
586,BMW,2011,Diesel,150019.0,52400.0
587,Dacia,2009,Diesel,240022.0,7200.0
588,Renault,2010,Petrol,157189.0,16700.0
589,Dacia,2000,Diesel,510739.0,1400.0
590,Renault,2012,Petrol,267953.0,11200.0
591,Mercedes,2001,Petrol,232074.0,13000.0
592,Renault,2014,Diesel,126202.0,31500.0
593,Renault,2023,Diesel,18330.0,113400.0
594,Mercedes,2020,Diesel,73016.0,206500.0
595,BMW,2018,Diesel,102743.0,130300.0
596,Mercedes,2017,Diesel,138193.0,120500.0
597,Dacia,2005,Diesel,332407.0,2400.0
598,Dacia,2015,Diesel,109170.0,24800.0
599,Mercedes,2022,Diesel,29249.0,289000.0
600,BMW,2004,Diesel,202007.0,19900.0
601,Renault,2021,Diesel,50021.0,84200.0
602,Mercedes,2023,Diesel,18539.0,330400.0
603,Dacia,2016,Diesel,,19300.0
604,Renault,2023,Petrol,22030.0,102100.0
605,BMW,2010,Diesel,345251.0,15100.0
606,Dacia,2014,,148962.0,19300.0
607,Renault,2003,Petrol,442268.0,2600.0
608,Mercedes,2002,Diesel,282031.0,11200.0
609,Mercedes,2003,Petrol,249906.0,14400.0
610,Dacia,2005,Diesel,363903.0,2400.0
611,BMW,2023,Diesel,16865.0,284500.0
612,Mercedes,2006,Diesel,290625.0,15800.0
613,BMW,2013,Diesel,158898.0,62400.0
614,Renault,2011,Diesel,267969.0,11100.0
615,Renault,2007,Petrol,332376.0,4000.0
616,Renault,2019,Diesel,69690.0,64400.0
617,Mercedes,2016,Diesel,173146.0,94000.0
618,Renault,2012,Diesel,232789.0,15600.0
619,Mercedes,2021,Petrol,33546.0,233800.0
620,Renault,2014,Petrol,219270.0,18900.0
621,Renault,2000,Diesel,241753.0,4200.0
622,BMW,2012,Diesel,176084.0,52200.0
623,Renault,2023,Petrol,21989.0,102100.0
624,Mercedes,2008,Diesel,334895.0,14300.0
625,Renault,2016,Petrol,185454.0,27700.0
626,BMW,2012,Diesel,294639.0,24500.0
627,Mercedes,2017,Diesel,113206.0,132000.0
628,Renault,2002,Petrol,,2400.0
629,BMW,2011,Petrol,233854.0,31700.0
630,BMW,2008,Petrol,163255.0,32900.0
631,Mercedes,2007,Diesel,176845.0,35800.0
632,Mercedes,2009,Diesel,216253.0,36400.0
633,Mercedes,2009,Diesel,227455.0,34200.0
634,Mercedes,2013,Petrol,252114.0,40600.0
635,Dacia,2007,Petrol,222131.0,5900.0
636,Dacia,2011,Diesel,274725.0,7000.0
637,Renault,2000,Diesel,468152.0,2100.0
638,Dacia,2009,,192014.0,8600.0
639,Renault,2022,Diesel,49560.0,93700.0
640,BMW,2018,Diesel,84054.0,138500.0
641,Mercedes,2014,Diesel,106547.0,98500.0
642,BMW,2005,Petrol,326805.0,8100.0
643,BMW,2002,Diesel,487434.0,6500.0
644,BMW,2000,Diesel,411350.0,5300.0
645,Renault,2005,Diesel,242506.0,7000.0
646,Renault,2001,Diesel,472582.0,2300.0
647,BMW,2010,Diesel,330793.0,15100.0
648,Renault,2014,Petrol,169669.0,24100.0
649,Dacia,2018,Petrol,69717.0,35100.0
650,BMW,2020,Petrol,95736.0,149700.0
651,BMW,2013,Petrol,131548.0,63200.0
652,Renault,2021,Diesel,71555.0,79000.0
653,BMW,2004,Petrol,237471.0,14800.0
654,Renault,2023,Petrol,22789.0,101800.0
655,Renault,2004,Diesel,453834.0,3200.0
656,Renault,2014,Diesel,156928.0,28000.0
657,Renault,2022,Diesel,21723.0,101100.0
658,Dacia,2023,Diesel,20275.0,75200.0
659,BMW,2008,Petrol,222719.0,24600.0
660,Mercedes,2022,Petrol,27980.0,263700.0
661,Dacia,2020,Diesel,50049.0,50500.0
662,BMW,2005,Diesel,338304.0,8900.0
663,BMW,2002,Petrol,362765.0,5900.0
664,BMW,2004,Diesel,490473.0,8000.0
665,Mercedes,2020,Diesel,59418.0,215100.0
666,Mercedes,2010,Diesel,275981.0,27300.0
667,Renault,2001,Diesel,250492.0,4400.0
668,BMW,2002,Diesel,318408.0,6600.0
669,Renault,2008,Petrol,194672.0,11400.0
670,Renault,2005,Diesel,384254.0,3600.0
671,Mercedes,2015,Diesel,154688.0,91500.0
672,Renault,2018,Diesel,65371.0,58700.0
673,BMW,2023,Diesel,15845.0,285200.0
674,BMW,2000,Petrol,320750.0,4800.0
675,BMW,2005,Petrol,260450.0,14100.0
676,Mercedes,2017,Petrol,143473.0,107400.0
677,Dacia,2011,Diesel,272381.0,7100.0
678,Renault,2002,Diesel,387613.0,2600.0
679,BMW,2014,Diesel,190708.0,60200.0
680,BMW,2005,Diesel,295517.0,11600.0
681,Dacia,2015,Diesel,150633.0,21300.0
682,BMW,2020,Petrol,79394.0,157800.0
683,Dacia,2008,Diesel,208339.0,7800.0
684,Mercedes,2023,Diesel,21304.0,328000.0
685,BMW,2001,Diesel,416411.0,5800.0
686,Renault,2005,Petrol,379970.0,3200.0
687,BMW,2022,,49291.0,234400.0
688,Mercedes,2023,Diesel,12748.0,335500.0
689,BMW,2016,Petrol,173983.0,73000.0
690,Renault,2006,Diesel,231277.0,8400.0
691,Mercedes,2018,Diesel,63700.0,172000.0
692,Dacia,2017,Diesel,125518.0,28900.0
693,Dacia,2020,Diesel,41650.0,51700.0
694,Dacia,2007,Diesel,,6300.0
695,Mercedes,2008,Diesel,348389.0,14300.0
696,Dacia,2013,Petrol,193031.0,13000.0
697,Renault,2001,Petrol,425711.0,2100.0
698,Dacia,2001,Diesel,311994.0,1700.0
699,Renault,2022,Diesel,41059.0,95900.0
700,Renault,2014,Diesel,226473.0,20000.0
701,Renault,2009,Diesel,338653.0,5400.0
702,Dacia,2007,Diesel,252561.0,5400.0
703,BMW,2002,Diesel,339391.0,6500.0
704,Renault,2001,,533363.0,2100.0
705,Dacia,2007,Petrol,385892.0,2700.0
706,BMW,2017,Diesel,87268.0,123400.0
707,Dacia,2015,Petrol,199579.0,15500.0
708,Mercedes,2008,,312881.0,15500.0
709,Mercedes,2020,Diesel,55913.0,217300.0
710,BMW,2001,Diesel,392243.0,5800.0
711,Renault,2004,Petrol,278444.0,4400.0
712,Mercedes,2004,Diesel,457466.0,9400.0
713,Dacia,2005,Diesel,,2400.0
714,Dacia,2017,Diesel,125570.0,28900.0
715,Renault,2016,Diesel,144229.0,36300.0
716,Dacia,2014,Diesel,175711.0,17200.0
717,Dacia,2019,Diesel,97151.0,39300.0
718,Renault,2020,Petrol,49478.0,69000.0
719,Dacia,2011,Diesel,246395.0,8600.0
720,BMW,2013,Diesel,,49900.0
721,Dacia,2023,Diesel,,76600.0
722,Renault,2006,Diesel,341573.0,4000.0
723,Mercedes,2016,Diesel,188321.0,87700.0
724,Mercedes,2005,Petrol,215329.0,21800.0
725,Renault,2015,Diesel,114648.0,36500.0
726,BMW,2016,Petrol,,87300.0
727,BMW,2018,Diesel,63905.0,147400.0
728,Mercedes,2001,Diesel,437569.0,6800.0
729,Dacia,2001,Petrol,567662.0,1400.0
730,Renault,2011,Petrol,277080.0,9400.0
731,BMW,2004,Diesel,262420.0,13800.0
732,Mercedes,2015,Petrol,151490.0,84200.0
733,Dacia,2021,Diesel,40683.0,57600.0
734,Mercedes,2021,Diesel,33472.0,257200.0
735,Mercedes,2021,Diesel,32877.0,257600.0
736,Renault,2012,Diesel,232694.0,15600.0
737,Renault,2017,Diesel,115390.0,44900.0
738,BMW,2013,Diesel,126234.0,70900.0
739,BMW,2021,Diesel,38034.0,217700.0
740,Dacia,2011,Diesel,288992.0,6200.0
741,Renault,2019,Diesel,51095.0,68000.0
742,Mercedes,2020,Petrol,49265.0,201400.0
743,BMW,2008,Petrol,234852.0,23000.0
744,BMW,2021,Petrol,45877.0,193600.0
745,Dacia,2019,Petrol,110340.0,34200.0
746,BMW,2022,Diesel,22671.0,252200.0
747,Dacia,2015,Diesel,100442.0,25500.0
748,BMW,2021,Petrol,58816.0,186500.0
749,Dacia,2004,Diesel,442426.0,2100.0
750,Dacia,2019,Diesel,118375.0,36600.0
751,Mercedes,2019,Diesel,124292.0,156700.0
752,Renault,2017,Diesel,,46000.0
753,Renault,2019,Diesel,108982.0,56700.0
754,Mercedes,2018,Diesel,135257.0,135400.0
755,Dacia,2008,Diesel,197053.0,8300.0
756,Mercedes,2021,Diesel,53982.0,242800.0
757,Mercedes,2015,Diesel,183794.0,80600.0
758,BMW,2014,Petrol,192317.0,54300.0
759,Mercedes,2005,Diesel,252258.0,19200.0
760,Mercedes,2001,Diesel,490892.0,6800.0
761,Dacia,2001,Diesel,395459.0,1600.0
762,Renault,2021,Diesel,55988.0,82800.0
763,Renault,2023,Diesel,,115300.0
764,Dacia,2020,Diesel,85933.0,45300.0
765,BMW,2020,Petrol,61515.0,166600.0
766,Mercedes,2019,Diesel,58901.0,193900.0
767,Mercedes,2016,Diesel,183342.0,89800.0
768,Mercedes,2019,Diesel,70162.0,187500.0
769,Dacia,2021,Petrol,62677.0,49200.0
770,Dacia,2008,Petrol,257370.0,5300.0
771,Dacia,2008,Diesel,301957.0,4000.0
772,BMW,2021,Diesel,30867.0,222000.0
773,BMW,2014,Petrol,123765.0,72200.0
774,BMW,2002,Diesel,279425.0,9800.0
775,Mercedes,2008,Diesel,221779.0,31800.0
776,Mercedes,2020,Diesel,73486.0,206200.0
777,Renault,2017,Diesel,151127.0,39300.0
778,Renault,2010,Diesel,221399.0,13500.0
779,Dacia,2007,Diesel,262138.0,5100.0
780,BMW,2022,Diesel,26196.0,249800.0
781,Renault,2013,Diesel,248883.0,15600.0
782,Dacia,2013,Petrol,131836.0,16800.0
783,Dacia,2016,,175977.0,19300.0
784,Mercedes,2000,Diesel,399865.0,6100.0
785,Dacia,2023,Diesel,15032.0,76200.0
786,Mercedes,2009,Diesel,262117.0,27300.0
787,Renault,2015,Petrol,166351.0,27200.0
788,Dacia,2011,Petrol,223583.0,9000.0
789,Dacia,2007,Diesel,195258.0,7500.0
790,BMW,2006,Diesel,415439.0,9900.0
791,BMW,2016,Petrol,164424.0,76100.0
792,BMW,2000,Petrol,281512.0,7100.0
793,Renault,2004,Petrol,314929.0,500000.0
794,Renault,2008,Petrol,288189.0,6200.0
795,Renault,2016,Diesel,98192.0,42900.0
796,Dacia,2001,Petrol,242144.0,2800.0
797,Dacia,2011,Diesel,132956.0,14900.0
798,Mercedes,2000,Diesel,589978.0,6100.0
799,Dacia,2004,,349792.0,1900.0
800,Dacia,2014,Diesel,130219.0,20700.0
