ID_Film,Budget,Genre,Score_Acteurs,Date_Sortie,Revenus
1,7258737.7,Horror,5.7,2007-03-30,16440000.0
2,1983403.44,Action,8.8,2003-12-06,7170000.0
3,5330625.11,Sci-Fi,8.5,2015-12-12,24630000.0
4,11229835.42,Comedy,0.2,2002-05-11,6520000.0
5,9546626.59,,7.2,2015-12-15,53710000.0
6,13424420.04,Action,8.3,2016-06-13,36610000.0
7,3447313.9,Action,2.2,2003-07-20,10790000.0
8,3574591.56,,2.3,2010-05-25,5570000.0
9,19918487.99,Comedy,6.5,2004-04-26,34210000.0
10,2900090.97,Drama,8.2,2010-09-05,4940000.0
11,3830739.48,Sci-Fi,9.7,2016-12-13,11330000.0
12,4593450.15,Horror,5.1,2015-05-24,12220000.0
13,19052053.62,Comedy,9.6,2015-05-30,49030000.0
14,5678923.34,Comedy,0.4,2001-05-22,2800000.0
15,1555752.3,Drama,9.0,2020-07-23,5600000.0
16,52659966.41,Action,5.9,2002-01-17,129440000.0
17,4548502.13,Drama,5.8,2021-04-25,3220000.0
18,23398141.48,Horror,2.3,2008-11-12,27670000.0
19,3459700.51,Comedy,9.8,2008-01-06,8600000.0
20,9336789.85,Comedy,8.7,2016-04-30,10090000.0
21,3701621.62,Horror,1.2,2008-10-15,4540000.0
22,2342945.79,Action,1.2,2005-01-27,1690000.0
23,1818336.11,Horror,4.2,2007-08-13,1090000.0
24,6328737.67,Comedy,3.8,2013-08-28,7740000.0
25,21007930.42,Horror,7.4,2008-05-16,60470000.0
26,5080360.22,Action,9.8,2002-06-22,16590000.0
27,50340891.88,Comedy,3.3,2015-12-12,50590000.0
28,2172331.76,Drama,8.7,2002-05-22,5150000.0
29,15664395.75,Horror,2.3,2007-04-21,9930000.0
30,3875353.38,Drama,0.3,2000-11-03,1750000.0
31,3755428.34,Sci-Fi,0.5,2005-02-28,2690000.0
32,13753482.62,Horror,4.1,2001-06-16,13530000.0
33,5741642.13,Drama,1.5,2002-02-08,4840000.0
34,1356251.85,Comedy,1.1,2010-03-29,1560000.0
35,12446007.48,Action,5.1,2009-02-06,9990000.0
36,10002739.06,Sci-Fi,7.5,2011-01-28,40310000.0
37,50000.0,Action,,2003-10-13,100000000.0
38,7715036.81,Horror,3.1,2000-01-21,7100000.0
39,23715439.42,Drama,7.3,2007-04-23,47060000.0
40,6704522.31,Comedy,2.4,2000-09-22,10440000.0
41,6246947.04,Action,1.7,2000-07-05,13700000.0
42,2874834.12,Horror,4.3,2002-03-30,4970000.0
43,6730483.01,Sci-Fi,7.9,2014-06-20,49660000.0
44,9082361.57,Drama,1.5,2015-06-02,16190000.0
45,4029422.56,Action,4.9,2006-02-28,13010000.0
46,8647507.27,Drama,6.5,2021-08-01,13810000.0
47,3722696.86,Drama,4.7,2015-10-28,2900000.0
48,38412683.53,Horror,8.4,2020-12-11,76860000.0
49,21676372.54,Horror,9.5,2021-11-21,71340000.0
50,15841317.64,Horror,4.2,2004-04-15,57000000.0
51,7994405.1,Comedy,4.3,2019-03-01,8110000.0
52,5955276.25,Drama,3.5,2000-04-13,8620000.0
53,38718611.55,Comedy,7.6,2001-05-31,94240000.0
54,2093264.97,Horror,7.1,2019-04-16,3260000.0
55,13294693.13,Drama,5.2,2020-12-12,23150000.0
56,16371033.71,Horror,4.2,2007-08-10,21800000.0
57,16914786.9,Drama,7.1,2021-02-05,20610000.0
58,1879808.73,Sci-Fi,7.8,2005-05-21,3380000.0
59,6601591.84,Comedy,3.7,2007-11-20,8030000.0
60,4398245.7,Horror,0.9,2021-09-25,2250000.0
61,5704832.91,,8.6,2005-10-14,6840000.0
62,22999078.1,,2.8,2008-12-11,30630000.0
63,56792821.64,Comedy,5.4,2008-02-14,65100000.0
64,10687430.88,Drama,8.1,2020-09-13,22380000.0
65,11388016.51,Comedy,3.8,2011-04-12,17590000.0
66,32615017.96,Horror,7.3,2013-03-12,220430000.0
67,7611010.49,Comedy,9.1,2012-12-08,37100000.0
68,18391302.53,Horror,8.7,2001-05-28,27130000.0
69,1265867.58,Horror,6.9,2007-12-14,1440000.0
70,50000.0,Drama,2.5,2008-05-23,100000000.0
71,14018303.71,Action,1.0,2017-09-22,9010000.0
72,11311834.13,Sci-Fi,0.1,2004-04-17,6210000.0
73,20399749.25,Drama,9.5,2013-10-04,12350000.0
74,18177414.8,Drama,1.4,2007-04-21,9630000.0
75,48147669.48,Drama,3.5,2015-05-25,20440000.0
76,20374329.48,Horror,2.5,2015-03-16,17860000.0
77,10254891.18,Drama,6.9,2007-03-21,11040000.0
78,18480915.57,Sci-Fi,9.6,2011-03-20,121790000.0
79,20319425.31,Action,8.6,2017-02-22,123880000.0
80,5339272.81,Drama,0.8,2005-10-19,5630000.0
81,3176455.32,Sci-Fi,6.8,2019-11-06,8400000.0
82,1499423.34,Comedy,2.6,2007-09-24,1990000.0
83,6882114.13,Action,9.0,2003-02-09,20560000.0
84,4993879.81,Action,7.2,2019-04-19,16120000.0
85,6982887.31,Drama,3.8,2010-11-03,10920000.0
86,2620648.67,Horror,2.4,2004-07-28,2960000.0
87,5311696.94,Action,7.5,2020-06-01,8620000.0
88,15335108.2,Comedy,5.6,2006-03-14,15060000.0
89,9109638.35,Horror,6.0,2017-09-15,103240000.0
90,6516345.42,Sci-Fi,1.9,2013-07-19,14220000.0
91,7132591.03,Sci-Fi,3.6,2015-04-13,17950000.0
92,6718131.34,Sci-Fi,3.4,2003-02-19,25870000.0
93,15352472.77,Sci-Fi,3.7,2001-12-27,31170000.0
94,1064307.2,Horror,8.0,2019-12-09,1840000.0
95,16756915.07,Action,5.0,2001-03-17,17000000.0
96,8411967.44,Comedy,2.0,2019-01-03,4970000.0
97,7180279.29,Comedy,9.6,2009-08-26,28860000.0
98,8762080.44,Horror,5.6,2013-02-19,11620000.0
99,14194331.96,Horror,7.6,2012-06-14,21320000.0
100,60987130.96,Action,7.7,2010-12-25,509390000.0
101,6048519.21,Drama,3.1,2009-08-14,9390000.0
102,1020942.02,Action,9.6,2014-09-03,1990000.0
103,10772340.79,Horror,5.7,2014-09-21,8620000.0
104,18088693.49,Comedy,0.2,2008-03-16,7550000.0
105,1000000.0,Horror,3.5,2018-09-28,3720000.0
106,4031564.72,Comedy,2.9,2012-06-01,6010000.0
107,14535080.05,Drama,7.9,2000-03-16,26090000.0
108,14900349.08,Comedy,2.1,2008-11-01,12440000.0
109,5310693.58,Action,4.4,2018-10-19,8280000.0
110,15615927.96,Drama,7.2,2005-05-10,24900000.0
111,1000000.0,Sci-Fi,4.6,2019-08-23,1280000.0
112,36915882.96,Comedy,4.0,2004-09-08,109550000.0
113,1678444.44,,2.8,2018-09-09,690000.0
114,5997641.32,Horror,9.6,2003-09-18,38030000.0
115,112114012.06,Drama,5.5,2015-08-31,119380000.0
116,9056637.41,Sci-Fi,0.7,2006-07-31,9400000.0
117,6842658.14,Comedy,5.6,2007-07-01,27630000.0
118,6121311.89,Action,6.8,2004-05-02,6610000.0
119,36204398.11,Horror,4.6,2007-06-10,89920000.0
120,3975773.05,Action,4.4,2014-06-24,11690000.0
121,4245362.98,Horror,0.2,2016-09-04,1720000.0
122,1391373.1,Sci-Fi,7.9,2020-07-16,5190000.0
123,17057622.5,Comedy,5.1,2016-07-02,75170000.0
124,9293146.61,Sci-Fi,1.6,2017-04-02,17440000.0
125,7634231.76,Drama,0.9,2016-02-14,3630000.0
126,6170520.48,Sci-Fi,5.8,2001-10-19,18100000.0
127,15606597.78,Action,8.9,2012-01-21,43210000.0
128,10315773.67,Drama,1.9,2003-05-07,6220000.0
129,39483950.84,,7.3,2019-07-03,70980000.0
130,23224365.02,Sci-Fi,9.6,2021-10-16,154750000.0
131,7350772.57,Sci-Fi,7.5,2016-09-16,13600000.0
132,11278959.42,Action,3.8,2008-10-11,17240000.0
133,38928024.35,Sci-Fi,4.1,2003-03-11,89970000.0
134,4676530.36,Action,5.5,2008-08-22,3830000.0
135,7994600.75,Sci-Fi,1.8,2007-02-19,19590000.0
136,22956998.98,Drama,9.6,2007-05-17,11200000.0
137,6976063.4,,3.0,2021-04-28,8820000.0
138,5841599.57,Action,9.9,2015-11-26,14190000.0
139,12722192.04,Action,9.8,2021-10-12,79400000.0
140,6898011.49,Horror,2.3,2017-12-16,6440000.0
141,3939990.8,Drama,2.2,2003-07-31,4320000.0
142,3740514.26,Comedy,9.7,2018-12-17,14250000.0
143,7881081.32,Sci-Fi,0.2,2003-07-16,8560000.0
144,2132816.54,Horror,8.5,2014-04-14,5420000.0
145,3167626.26,Action,8.6,2017-07-06,8190000.0
146,38812714.2,Horror,,2009-09-29,183310000.0
147,6965832.57,Sci-Fi,8.7,2004-01-29,16840000.0
148,38434638.43,Horror,4.7,2001-10-06,20100000.0
149,11829945.46,Comedy,6.4,2004-01-28,17460000.0
150,8641569.68,Sci-Fi,4.3,2004-01-10,19810000.0
151,16945752.78,Horror,8.8,2018-04-22,43120000.0
152,42882473.0,Comedy,5.8,2011-07-22,56620000.0
153,5222476.06,Horror,0.7,2017-12-27,2180000.0
154,18453863.94,Horror,9.3,2005-07-25,77090000.0
155,7153227.77,Horror,8.3,2006-09-19,10230000.0
156,15182171.39,Comedy,6.9,2018-04-02,12900000.0
157,1876001.85,Horror,7.3,2015-10-09,2780000.0
158,30546820.91,Action,5.7,2019-08-29,70570000.0
159,20953253.57,Action,2.8,2007-04-14,62580000.0
160,5111642.29,Sci-Fi,,2001-10-02,8500000.0
161,76770226.83,Action,2.0,2018-03-15,61630000.0
162,3622395.02,,3.4,2000-05-08,10040000.0
163,13785638.14,Sci-Fi,7.8,2013-07-16,60020000.0
164,12451907.04,Sci-Fi,2.9,2016-05-02,10970000.0
165,122879089.73,Sci-Fi,9.8,2008-08-30,1149780000.0
166,50000.0,Sci-Fi,4.3,2011-09-09,100000000.0
167,34976833.39,Horror,4.1,2007-10-08,33740000.0
168,20262443.85,Comedy,3.0,2011-12-27,25560000.0
169,6758615.5,Sci-Fi,3.2,2021-05-07,10200000.0
170,4884629.59,Comedy,5.8,2013-08-24,8710000.0
171,2329296.46,Comedy,5.7,2007-05-06,5140000.0
172,4584753.29,,3.1,2021-06-18,5630000.0
173,8975407.49,Horror,7.9,2009-05-27,9100000.0
174,2616698.59,Drama,4.4,2008-02-16,4710000.0
175,11534834.98,Drama,9.5,2009-03-09,22240000.0
176,7969873.38,Horror,8.0,2016-10-29,20150000.0
177,1257308.54,Drama,,2006-08-10,2470000.0
178,19785868.79,Action,6.5,2007-03-15,62870000.0
179,5986035.27,Action,9.3,2001-05-14,16660000.0
180,9311074.41,Drama,6.6,2004-05-12,17630000.0
181,3672236.59,Comedy,1.6,2000-01-21,2180000.0
182,7836513.43,Action,9.4,2003-01-21,15730000.0
183,4537135.43,Comedy,,2003-03-17,6930000.0
184,10206557.26,Comedy,1.3,2019-12-02,7390000.0
185,17351337.7,Action,7.5,2003-10-19,13290000.0
186,23126839.32,Action,8.6,2011-05-15,72180000.0
187,4908690.71,,1.8,2008-10-15,3450000.0
188,1000000.0,,4.9,2013-08-05,1160000.0
189,3822132.7,Horror,2.6,2012-04-20,2600000.0
190,14349886.89,Drama,4.9,2015-06-22,39560000.0
191,3225062.63,Horror,8.4,2012-11-23,12600000.0
192,13904710.45,Drama,7.6,2018-01-08,14420000.0
193,9093179.22,Horror,7.0,2009-11-05,25060000.0
194,13583452.03,Sci-Fi,5.2,2000-03-21,79090000.0
195,7483220.72,Sci-Fi,1.7,2016-10-23,12440000.0
196,13419774.13,Sci-Fi,1.0,2019-03-19,11200000.0
197,19877982.36,Horror,0.8,2004-12-08,15320000.0
198,6523366.47,Drama,0.6,2001-06-20,6950000.0
199,2938370.46,Comedy,4.4,2004-08-18,2830000.0
200,16411340.81,Action,8.9,2020-06-23,39920000.0
201,88289510.81,Drama,4.5,2009-11-17,64210000.0
202,10211613.61,Horror,3.4,2013-07-27,13970000.0
203,5568587.96,Horror,6.1,2014-11-26,6850000.0
204,10289640.16,Sci-Fi,5.9,2002-09-26,43010000.0
205,13169085.88,Sci-Fi,3.7,2007-08-10,18890000.0
206,28669129.97,Drama,7.8,2001-11-13,55800000.0
207,21691477.64,Horror,2.5,2008-01-25,29120000.0
208,11660258.98,Action,3.1,2000-04-07,26230000.0
209,42286642.27,Horror,4.2,2020-05-29,67950000.0
210,4610099.15,,3.8,2002-08-08,4070000.0
211,3508834.62,Horror,4.7,2018-08-18,6060000.0
212,4510228.56,Drama,5.3,2008-12-13,4990000.0
213,11311384.11,Comedy,0.6,2021-03-01,6490000.0
214,1723062.64,Drama,3.5,2020-06-18,3080000.0
215,8976481.36,Horror,3.2,2012-06-15,9670000.0
216,50724233.01,Comedy,7.0,2007-06-16,121810000.0
217,4450431.9,Horror,0.9,2020-09-22,2320000.0
218,1764526.9,Drama,8.2,2008-08-07,2760000.0
219,3227233.62,Horror,9.6,2001-06-12,12710000.0
220,2871199.57,Action,1.2,2005-11-08,3250000.0
221,13567442.27,Sci-Fi,9.5,2008-06-12,155150000.0
222,3828733.27,Drama,1.9,2009-09-09,2460000.0
223,1734566.38,Action,3.6,2005-06-26,3010000.0
224,10892016.71,Comedy,7.6,2017-09-09,23770000.0
225,5522162.91,Horror,9.3,2018-06-22,15630000.0
226,23269130.66,Sci-Fi,8.3,2004-11-23,102230000.0
227,5463153.29,Action,2.7,2019-09-10,10260000.0
228,3288808.43,Horror,,2000-08-05,35790000.0
229,35162068.44,Comedy,0.5,2016-02-22,20520000.0
230,102434675.48,Sci-Fi,8.6,2013-02-06,272510000.0
231,80198461.11,Drama,5.4,2016-05-05,201140000.0
232,9775266.35,Drama,1.1,2019-05-07,3200000.0
233,9827612.54,Action,2.0,2006-06-19,19700000.0
234,32405766.69,Drama,7.8,2012-09-06,49930000.0
235,8021563.63,Horror,7.5,2016-03-22,16320000.0
236,5675469.82,,6.2,2004-07-03,7710000.0
237,4698902.01,Sci-Fi,4.2,2015-03-13,8320000.0
238,3049573.77,Drama,3.4,2016-07-03,3350000.0
239,13722896.85,Action,4.0,2010-02-16,24120000.0
240,3885210.82,Action,7.2,2014-01-25,6240000.0
241,4244768.7,Horror,4.6,2009-03-31,2170000.0
242,5935699.22,Action,6.7,2020-11-23,15570000.0
243,18245853.97,Sci-Fi,4.8,2014-03-31,50240000.0
244,8574757.19,Drama,,2018-10-11,3550000.0
245,24902507.69,Drama,7.4,2000-07-26,49650000.0
246,12335967.76,Comedy,8.0,2005-02-10,15790000.0
247,5417383.12,Horror,9.2,2018-06-18,20490000.0
248,35602758.44,Action,8.3,2000-03-16,194240000.0
249,7027514.62,Sci-Fi,5.7,2011-12-02,49250000.0
250,6333681.92,Action,3.5,2010-10-29,12240000.0
251,11919045.86,,6.3,2021-09-11,20160000.0
252,2753220.59,Horror,1.3,2006-06-02,3540000.0
253,42398590.24,Comedy,9.5,2006-03-10,149980000.0
254,21144109.83,Action,3.0,2009-10-07,17550000.0
255,54625493.65,Drama,2.1,2003-11-24,42800000.0
256,3582763.94,Drama,1.7,2016-10-24,2700000.0
257,4201099.99,Comedy,3.6,2009-01-19,4720000.0
258,14828714.55,Horror,8.8,2018-12-29,54250000.0
259,73183181.18,Drama,7.5,2012-04-08,95630000.0
260,2546881.72,Comedy,,2013-06-01,2870000.0
261,6237867.46,Horror,9.8,2005-01-15,12130000.0
262,4625156.42,Sci-Fi,6.1,2017-12-07,12230000.0
263,19382906.53,Action,4.0,2012-09-08,37460000.0
264,9362987.31,Sci-Fi,6.1,2017-04-28,18420000.0
265,4089063.71,Comedy,5.5,2012-09-12,12950000.0
266,1758523.82,Horror,6.8,2009-02-25,1850000.0
267,15999517.06,Drama,0.0,2009-04-14,1910000.0
268,6407725.8,Action,3.2,2014-07-02,18730000.0
269,5848020.45,Horror,8.8,2015-02-23,12820000.0
270,2144807.55,Sci-Fi,9.6,2011-05-18,13350000.0
271,3708727.73,Drama,0.7,2015-10-07,3350000.0
272,23758607.04,Action,2.9,2017-11-22,32530000.0
273,7508148.33,Comedy,,2018-02-25,10310000.0
274,30017800.54,Comedy,3.3,2003-12-23,49650000.0
275,12972348.93,Comedy,6.3,2005-08-04,22910000.0
276,4864659.41,Horror,4.1,2013-12-17,4190000.0
277,8180466.0,Comedy,8.1,2004-08-05,23170000.0
278,8323332.7,Drama,6.6,2019-08-14,14060000.0
279,34579265.58,Drama,0.9,2021-08-22,21650000.0
280,8725251.78,Sci-Fi,0.8,2002-06-02,8480000.0
281,2281132.93,Comedy,4.2,2021-01-05,2580000.0
282,20144654.15,Sci-Fi,8.5,2000-05-17,67420000.0
283,15570688.12,Sci-Fi,3.5,2013-10-14,12210000.0
284,17862852.84,Action,3.3,2019-03-07,92330000.0
285,15942282.03,Horror,9.3,2001-07-23,73970000.0
286,8694064.45,Action,4.4,2005-01-27,14540000.0
287,8561368.83,Sci-Fi,0.7,2007-07-14,14250000.0
288,2402721.49,Comedy,1.3,2017-06-28,3040000.0
289,36420459.59,Comedy,4.6,2012-04-20,20830000.0
290,5456356.02,Action,0.2,2017-11-16,6880000.0
291,21938110.23,Sci-Fi,9.3,2019-09-08,73570000.0
292,72067544.98,Sci-Fi,2.9,2004-08-17,103120000.0
293,6909650.46,Comedy,8.7,2000-12-01,20040000.0
294,27348977.71,Drama,5.3,2020-02-01,45780000.0
295,10087290.25,Action,0.2,2020-11-19,4460000.0
296,2342754.37,Horror,6.3,2011-09-05,6250000.0
297,17223812.87,,5.1,2019-06-09,16600000.0
298,16757720.16,Drama,2.3,2016-06-15,19460000.0
299,1315462.76,Action,6.7,2013-01-15,2270000.0
300,7067607.05,,8.2,2018-01-18,8850000.0
301,25531070.12,Action,5.1,2011-09-27,48560000.0
302,29066551.44,Sci-Fi,6.8,2007-04-11,93560000.0
303,7663119.4,Action,8.7,2010-09-06,47940000.0
304,12681532.53,Drama,4.0,2011-05-10,12740000.0
305,24689789.41,Comedy,6.8,2020-05-08,32050000.0
306,18357397.98,Action,6.5,2000-11-22,31610000.0
307,17410463.42,Action,8.6,2015-10-03,111790000.0
308,12263497.63,Sci-Fi,,2013-09-29,12790000.0
309,2722457.34,Action,1.6,2010-07-31,1620000.0
310,3080957.42,Horror,6.2,2019-02-16,6580000.0
311,19176930.39,Horror,4.2,2004-03-02,28050000.0
312,4289889.7,Drama,9.8,2016-07-22,15330000.0
313,30027939.39,Action,4.8,2021-10-29,44960000.0
314,5720225.63,Action,2.3,2003-06-01,12190000.0
315,23307024.89,,0.5,2020-04-02,10720000.0
316,8572913.5,Sci-Fi,9.2,2013-07-17,70570000.0
317,22489725.09,,5.0,2020-06-09,165090000.0
318,10098289.21,Action,4.7,2012-11-19,17980000.0
319,9044109.47,Horror,3.5,2011-04-12,21050000.0
320,23927700.09,Comedy,7.3,2019-04-11,45300000.0
321,51107945.44,Sci-Fi,0.8,2019-04-16,109550000.0
322,23394451.39,Comedy,9.6,2002-09-28,47090000.0
323,3833846.24,Comedy,1.7,2002-09-20,4350000.0
324,33296903.5,Horror,8.0,2013-07-27,138770000.0
325,6094569.05,Horror,6.8,2006-03-03,7290000.0
326,4853881.65,Drama,4.0,2017-10-22,4440000.0
327,2097770.21,Sci-Fi,8.5,2015-09-22,10790000.0
328,1877531.42,Drama,9.9,2011-11-01,2400000.0
329,6637106.18,Drama,2.8,2020-06-30,4330000.0
330,4035645.58,Drama,1.3,2009-06-27,5470000.0
331,3577678.45,,9.2,2006-06-27,16640000.0
332,8847531.18,Sci-Fi,1.2,2014-02-26,16140000.0
333,5939349.23,Drama,7.6,2007-07-28,37020000.0
334,5350219.44,Action,0.3,2008-10-21,5700000.0
335,1000000.0,Action,0.4,2019-08-08,840000.0
336,5786811.92,Drama,5.5,2012-04-11,17570000.0
337,7606442.51,Drama,8.8,2019-05-13,9120000.0
338,37297853.66,Horror,0.4,2016-10-01,9780000.0
339,6608259.82,Comedy,9.1,2011-07-17,19240000.0
340,31637421.75,Action,7.2,2009-08-01,130260000.0
341,13291600.85,Sci-Fi,3.9,2010-11-04,13780000.0
342,7510925.59,Comedy,2.6,2020-06-22,19830000.0
343,16049140.48,Sci-Fi,7.7,2010-05-28,105410000.0
344,34120312.41,Drama,6.7,2001-08-10,84490000.0
345,3570329.53,Sci-Fi,1.2,2001-03-02,3130000.0
346,4670302.26,Action,5.2,2008-08-22,12620000.0
347,46786551.86,Drama,2.7,2017-12-28,147010000.0
348,57537004.3,Sci-Fi,7.7,2004-02-23,94910000.0
349,48197858.97,Horror,5.9,2008-12-17,38280000.0
350,11976762.15,Horror,3.1,2019-01-12,14160000.0
351,3914343.27,Sci-Fi,7.5,2009-04-22,20230000.0
352,9881737.44,Horror,6.4,2016-11-02,16920000.0
353,18623045.52,Comedy,3.2,2001-02-22,23880000.0
354,4911383.98,Drama,2.8,2013-10-10,4160000.0
355,3255969.42,Sci-Fi,7.2,2000-12-27,17990000.0
356,12703879.33,Action,9.0,2002-09-24,38130000.0
357,9498988.92,Comedy,7.6,2005-03-16,26670000.0
358,21873641.78,Sci-Fi,9.2,2012-05-29,60280000.0
359,6124138.82,Comedy,6.9,2011-07-04,18500000.0
360,3235417.54,Horror,4.8,2005-08-30,4810000.0
361,11311502.1,Comedy,4.3,2003-05-27,12680000.0
362,13044167.21,Horror,7.4,2001-03-25,16800000.0
363,10956961.97,Horror,5.2,2005-11-11,14350000.0
364,45619851.81,Drama,3.5,2003-10-09,47920000.0
365,5860410.44,Action,2.4,2000-10-03,10580000.0
366,11886281.43,Action,,2019-07-26,89330000.0
367,1000000.0,Action,4.8,2006-01-04,940000.0
368,3847139.89,Comedy,0.2,2018-04-12,2530000.0
369,41768958.09,Comedy,1.2,2018-05-22,35180000.0
370,16562085.51,Action,2.7,2008-01-02,16630000.0
371,1921091.24,Drama,4.5,2015-12-23,5910000.0
372,62333579.85,Horror,3.0,2019-08-16,94440000.0
373,4547531.86,Horror,5.5,2015-03-23,13790000.0
374,50000.0,Action,9.9,2017-02-21,100000000.0
375,5652766.66,Action,2.8,2000-04-26,7730000.0
376,21453177.77,Sci-Fi,1.8,2017-02-01,28590000.0
377,4933089.99,Comedy,,2006-04-05,5390000.0
378,13811039.15,Horror,5.1,2011-07-06,27530000.0
379,11870695.68,Action,5.3,2019-07-19,22290000.0
380,1644561.45,Drama,8.8,2012-12-15,2340000.0
381,58898180.82,Drama,9.4,2016-03-19,137820000.0
382,1824453.59,Horror,7.3,2013-03-12,3860000.0
383,11322074.61,Comedy,6.9,2014-02-01,25850000.0
384,3521687.58,Comedy,8.1,2006-03-20,5280000.0
385,10261633.14,Comedy,8.5,2010-08-02,18870000.0
386,10336736.91,Comedy,6.2,2014-05-22,8310000.0
387,7264875.0,Comedy,4.3,2013-07-12,18070000.0
388,19208783.23,Horror,2.4,2014-05-25,11550000.0
389,3236193.14,Sci-Fi,3.4,2010-09-25,6240000.0
390,30397788.73,Comedy,3.8,2000-07-14,36470000.0
391,3126182.11,Drama,4.1,2014-01-23,5570000.0
392,107011655.92,Drama,6.3,2019-02-13,329010000.0
393,14808650.71,,7.6,2020-11-29,70560000.0
394,17005017.56,Drama,1.2,2000-07-29,14770000.0
395,1212644.92,Drama,4.5,2001-11-07,1070000.0
396,3211839.22,Horror,7.7,2013-11-02,8220000.0
397,11374469.95,Drama,2.5,2005-05-27,7020000.0
398,4198665.09,Comedy,3.7,2000-10-04,5200000.0
399,4211795.78,Drama,4.8,2018-06-30,4120000.0
400,8171697.51,Comedy,3.3,2018-07-19,16290000.0
401,39008995.86,Drama,5.5,2003-11-20,111220000.0
402,21042936.24,Sci-Fi,7.6,2021-10-22,134060000.0
403,6111886.16,,3.1,2005-02-21,5980000.0
404,9473111.93,Comedy,5.9,2015-03-29,9760000.0
405,8563389.71,Drama,9.1,2009-12-07,10660000.0
406,16313948.78,Sci-Fi,2.8,2009-11-28,35870000.0
407,1000000.0,Sci-Fi,7.2,2013-10-19,5470000.0
408,4410011.38,Drama,6.7,2011-02-05,3060000.0
409,27557241.88,Action,3.6,2017-11-11,30370000.0
410,31972275.77,Drama,0.5,2009-02-10,17010000.0
411,11956284.53,Sci-Fi,9.4,2016-01-07,15260000.0
412,41023345.35,Comedy,8.6,2007-07-28,153810000.0
413,17975302.15,Sci-Fi,2.4,2013-10-18,40180000.0
414,6219255.88,Horror,4.3,2012-02-21,3940000.0
415,18207597.69,Comedy,5.7,2007-05-11,37360000.0
416,5542290.06,Action,3.7,2013-02-18,8420000.0
417,11095178.05,Action,2.2,2020-12-15,37930000.0
418,40236862.74,Action,9.9,2020-04-05,141280000.0
419,6216067.84,Horror,8.8,2019-08-31,6070000.0
420,35892214.3,Action,3.3,2018-10-16,46220000.0
421,9231654.43,Horror,1.6,2008-08-12,19640000.0
422,5093721.51,Sci-Fi,9.9,2011-06-17,25900000.0
423,3979103.38,,8.9,2021-10-09,6680000.0
424,1000000.0,,6.6,2008-04-18,4840000.0
425,5867604.17,Action,9.5,2008-04-04,10560000.0
426,18642936.89,,8.3,2004-04-29,36370000.0
427,14832911.58,Action,,2019-06-10,33430000.0
428,5112472.63,Horror,4.5,2016-09-26,7530000.0
429,26151433.69,Horror,5.0,2020-07-05,51010000.0
430,7541908.0,Sci-Fi,7.1,2000-01-06,26330000.0
431,5491564.27,Horror,7.2,2015-02-08,10990000.0
432,1435010.46,Comedy,9.0,2001-04-24,5900000.0
433,10309699.51,Comedy,5.6,2007-12-13,32730000.0
434,4488082.37,Drama,8.3,2014-01-01,8210000.0
435,14958273.28,Horror,9.2,2017-06-27,33360000.0
436,48442724.51,Sci-Fi,4.9,2017-11-07,162080000.0
437,2982439.61,Sci-Fi,0.0,2010-02-01,900000.0
438,7109916.58,Horror,7.7,2000-08-02,20100000.0
439,19961655.69,Drama,3.4,2013-09-28,18610000.0
440,2064540.42,Drama,,2011-07-15,1850000.0
441,3901133.52,Horror,5.8,2009-12-22,9130000.0
442,1000000.0,Comedy,10.0,2011-08-28,2530000.0
443,10320211.5,Horror,7.9,2004-09-08,24510000.0
444,25759001.97,Drama,9.3,2007-07-06,42460000.0
445,22739463.49,Sci-Fi,7.2,2007-02-10,131020000.0
446,3248967.72,Comedy,0.4,2014-09-07,2270000.0
447,9905396.35,Comedy,9.8,2002-02-16,16560000.0
448,45855637.06,Sci-Fi,5.1,2020-11-08,76740000.0
449,9884241.7,Horror,3.0,2012-02-24,14570000.0
450,5821539.73,Drama,9.2,2015-02-04,15770000.0
451,23896225.04,Comedy,2.5,2002-10-02,36830000.0
452,6460481.38,Sci-Fi,1.0,2011-02-28,6000000.0
453,14881442.19,Drama,2.3,2020-08-14,14760000.0
454,47096351.82,Sci-Fi,7.1,2013-07-16,61830000.0
455,27389505.81,Horror,9.4,2003-10-18,53860000.0
456,1835218.57,,5.0,2021-06-05,5800000.0
457,24224007.03,Comedy,3.5,2018-10-15,60860000.0
458,16036275.03,Drama,5.6,2011-06-28,20850000.0
459,5557215.63,Comedy,3.2,2008-10-18,5550000.0
460,8680265.2,Action,5.1,2005-10-21,32280000.0
461,1633209.53,Drama,8.2,2001-11-14,4350000.0
462,9525093.51,Comedy,6.2,2018-12-16,13480000.0
463,8424577.88,Drama,5.9,2018-02-21,4390000.0
464,28744044.08,Sci-Fi,0.4,2017-11-30,10430000.0
465,3991194.2,Horror,8.0,2021-09-28,7120000.0
466,55783935.15,Horror,6.3,2005-10-02,103750000.0
467,16371515.51,Sci-Fi,6.4,2017-11-05,11650000.0
468,4248324.28,Comedy,6.7,2016-03-18,4590000.0
469,19815638.96,Horror,1.7,2020-08-27,32290000.0
470,12007096.65,Sci-Fi,,2006-11-14,35760000.0
471,2479973.93,Drama,6.2,2007-02-20,9100000.0
472,5875595.89,Comedy,5.1,2018-11-26,5380000.0
473,56349545.45,Comedy,1.7,2019-10-23,32270000.0
474,60643845.73,Horror,8.3,2018-06-23,152130000.0
475,1761665.29,Action,7.1,2014-03-07,5580000.0
476,29103652.07,Action,3.9,2018-06-23,101230000.0
477,13189925.28,Horror,4.5,2017-03-21,18230000.0
478,5112171.7,Drama,7.2,2006-11-30,7070000.0
479,4539368.5,Horror,4.5,2012-01-03,7620000.0
480,5693682.57,Drama,1.3,2000-11-26,3170000.0
481,2823063.83,,4.1,2010-07-25,7350000.0
482,1000000.0,Sci-Fi,7.3,2019-11-29,4020000.0
483,6352971.92,Horror,2.4,2001-11-14,3190000.0
484,20882054.16,,3.7,2018-07-25,41050000.0
485,7440100.45,Comedy,6.2,2010-06-17,37160000.0
486,1000000.0,Comedy,4.1,2014-04-14,2140000.0
487,1000000.0,Sci-Fi,3.8,2021-10-04,2910000.0
488,17369404.27,Horror,2.4,2021-02-06,14430000.0
489,30518894.16,,,2004-05-23,61660000.0
490,3528620.38,Horror,1.1,2019-07-07,4020000.0
491,4447700.62,Horror,0.2,2017-09-09,870000.0
492,14097463.01,Action,5.3,2018-01-14,45100000.0
493,9096126.01,Horror,4.3,2012-09-10,7880000.0
494,11156220.03,Drama,3.8,2021-09-11,9480000.0
495,9094636.58,Action,0.8,2013-04-29,15420000.0
496,21529604.06,Sci-Fi,,2004-09-29,16950000.0
497,4615318.81,Comedy,4.7,2018-09-01,8490000.0
498,18729270.9,Sci-Fi,3.3,2012-10-12,26380000.0
499,6730480.73,Sci-Fi,8.3,2003-09-14,19950000.0
500,2655338.2,Action,0.3,2015-06-30,4180000.0
501,5779719.59,Drama,1.9,2002-12-19,2520000.0
502,5945463.31,Sci-Fi,9.4,2005-04-27,18540000.0
503,11514415.85,Action,6.6,2017-11-19,47570000.0
504,12290233.8,Sci-Fi,7.8,2011-11-20,25270000.0
505,31470057.74,Comedy,8.0,2004-11-28,83510000.0
506,12875474.62,,5.2,2015-05-08,16650000.0
507,11786045.05,Horror,8.3,2016-03-03,27460000.0
508,11692277.94,Comedy,6.8,2012-07-02,14600000.0
509,8504382.8,Horror,9.1,2004-06-29,20600000.0
510,83332048.11,Drama,1.8,2014-05-22,55850000.0
511,7037676.64,Horror,8.5,2013-06-28,7470000.0
512,3252619.52,Horror,4.8,2005-11-23,7640000.0
513,3219079.15,,7.4,2015-06-15,12970000.0
514,7793177.17,Comedy,5.7,2021-02-22,24500000.0
515,12555416.54,Horror,3.8,2007-09-21,12500000.0
516,10549050.33,Sci-Fi,,2011-03-27,33370000.0
517,4962031.2,Horror,7.3,2000-07-25,10750000.0
518,41706741.14,Action,9.4,2012-09-03,125550000.0
519,1000000.0,Sci-Fi,0.4,2009-11-02,560000.0
520,10320012.28,,3.9,2018-11-17,10280000.0
521,9741002.69,Comedy,1.3,2012-04-06,13560000.0
522,1305836.2,Comedy,9.7,2017-10-14,3510000.0
523,8023689.7,Drama,6.6,2018-08-25,28400000.0
524,23884249.87,Comedy,2.8,2004-09-13,14260000.0
525,28642907.53,Horror,6.0,2017-04-14,95680000.0
526,2600921.4,,1.0,2004-11-20,3240000.0
527,1700467.57,Action,3.0,2007-01-07,2400000.0
528,9414795.43,Sci-Fi,,2012-07-27,30890000.0
529,8105235.29,Comedy,5.9,2001-04-30,9070000.0
530,26253004.65,Sci-Fi,4.0,2001-05-09,50610000.0
531,48945054.61,Action,3.7,2001-04-15,68810000.0
532,5001648.37,,8.1,2002-11-30,11370000.0
533,21068678.83,Horror,5.2,2017-08-05,26250000.0
534,3372669.13,Horror,0.3,2011-11-08,1290000.0
535,24417378.16,Sci-Fi,4.1,2003-01-01,97780000.0
536,4881521.28,Drama,4.4,2019-04-09,19570000.0
537,12027362.82,Drama,2.3,2003-05-10,9900000.0
538,8074688.3,Action,9.5,2013-04-13,27110000.0
539,5627006.73,Drama,5.3,2002-04-26,6770000.0
540,8431341.1,Horror,5.5,2001-04-25,18390000.0
541,9211720.17,Drama,3.0,2019-05-07,2610000.0
542,2850735.17,Horror,0.8,2004-03-02,3020000.0
543,1000000.0,Comedy,4.4,2012-06-26,1270000.0
544,24346563.94,Drama,,2016-05-12,52120000.0
545,6208457.53,Drama,8.8,2016-10-14,4160000.0
546,1672736.28,Action,8.3,2003-08-14,4440000.0
547,13170986.98,Drama,8.9,2005-04-20,23530000.0
548,6663013.39,Action,,2013-11-24,11520000.0
549,6309641.62,Comedy,0.1,2017-07-20,4830000.0
550,8746126.67,Horror,8.9,2005-12-19,24450000.0
551,1000000.0,Sci-Fi,3.0,2017-01-22,3660000.0
552,3280188.73,Action,9.4,2014-09-03,17010000.0
553,8243259.02,,1.9,2013-08-14,6150000.0
554,50000.0,Comedy,1.9,2001-10-13,100000000.0
555,12603690.8,Sci-Fi,5.8,2003-10-03,30280000.0
556,8800308.23,Action,1.2,2018-08-30,6310000.0
557,5865174.62,Comedy,1.0,2003-11-25,3300000.0
558,28993096.9,Horror,8.0,2006-09-25,77150000.0
559,41464022.8,Action,6.5,2003-07-07,211640000.0
560,27386493.63,Horror,1.9,2004-08-24,36900000.0
561,24582939.98,Comedy,0.9,2010-08-01,22850000.0
562,3428199.22,Action,4.0,2015-08-22,4930000.0
563,5073335.33,Comedy,5.7,2005-05-11,6130000.0
564,9882124.23,Comedy,6.2,2021-03-05,8590000.0
565,37109563.78,Horror,8.8,2001-11-05,46550000.0
566,12093993.24,Comedy,3.4,2012-10-02,13930000.0
567,16541802.73,Comedy,0.1,2017-01-31,4370000.0
568,33972209.17,Sci-Fi,4.6,2005-11-01,97840000.0
569,13578323.38,Action,4.1,2012-09-14,47430000.0
570,5628880.2,Horror,4.6,2003-01-11,4370000.0
571,47142564.67,Comedy,3.1,2006-06-17,57040000.0
572,6427024.93,Sci-Fi,3.3,2010-11-14,6570000.0
573,25252832.77,Action,9.7,2013-04-04,91080000.0
574,5296013.99,Drama,0.5,2004-10-05,2100000.0
575,42261910.18,Sci-Fi,8.9,2012-04-27,153290000.0
576,3927124.74,Horror,0.6,2004-05-02,5260000.0
577,10288334.5,Sci-Fi,8.5,2020-07-28,29630000.0
578,1576662.93,Sci-Fi,4.3,2004-11-06,3570000.0
579,5383527.98,Sci-Fi,2.5,2000-11-05,13080000.0
580,14671209.72,Horror,0.8,2015-03-25,7610000.0
581,1581387.78,Sci-Fi,2.5,2019-11-27,2780000.0
582,2877639.6,Sci-Fi,5.8,2004-11-07,11730000.0
583,15701155.67,Horror,0.6,2017-03-30,11880000.0
584,3770239.01,Horror,6.8,2008-04-05,20820000.0
585,7672428.94,Comedy,7.5,2019-04-08,9400000.0
586,7364704.05,Action,5.1,2008-09-07,9310000.0
587,8034715.56,Sci-Fi,9.6,2020-04-27,24490000.0
588,7232377.25,Horror,7.7,2016-02-22,21850000.0
589,20727099.39,Drama,6.8,2016-03-23,36590000.0
590,2633176.87,Sci-Fi,5.4,2017-11-01,13270000.0
591,4526183.97,Drama,6.2,2007-02-06,4590000.0
592,7290051.47,Horror,5.2,2011-09-26,23420000.0
593,6948232.91,Comedy,6.7,2012-08-22,7640000.0
594,38162173.88,Comedy,0.1,2014-12-23,15850000.0
595,53557554.66,Action,2.3,2021-04-07,258970000.0
596,6251406.85,Comedy,7.7,2015-01-21,9000000.0
597,41076740.27,Comedy,0.1,2009-05-12,15070000.0
598,5618488.88,Sci-Fi,7.4,2014-04-05,6590000.0
599,5017615.61,Action,1.9,2010-11-23,6320000.0
600,26877685.7,Comedy,7.9,2017-06-25,74680000.0
601,2754210.47,Sci-Fi,,2011-04-09,6460000.0
602,29283524.77,Comedy,0.8,2009-06-22,20550000.0
603,8582663.96,Sci-Fi,4.6,2000-06-08,8470000.0
604,20996948.21,Horror,3.3,2002-03-13,43180000.0
605,7088955.74,Comedy,,2006-07-22,18720000.0
606,4044919.35,Horror,,2015-01-09,11100000.0
607,15717968.61,Horror,1.1,2013-06-03,6320000.0
608,5286614.96,Action,4.7,2012-02-26,13730000.0
609,13564849.93,Comedy,0.9,2013-06-21,13580000.0
610,18416963.18,Horror,9.4,2019-07-07,48000000.0
611,5158862.63,,9.3,2013-04-12,13600000.0
612,15054681.59,Action,9.8,2003-06-13,61670000.0
613,19707731.95,Comedy,2.1,2002-04-11,7960000.0
614,2095109.45,Comedy,9.7,2007-06-27,3390000.0
615,6849629.29,Sci-Fi,8.8,2016-02-07,20470000.0
616,11777615.75,Drama,0.1,2014-03-20,3840000.0
617,15059130.9,Sci-Fi,6.6,2008-09-08,67220000.0
618,17281225.59,Drama,0.9,2016-04-10,8720000.0
619,18283602.84,Sci-Fi,2.5,2009-02-05,20450000.0
620,4137045.35,Sci-Fi,4.5,2001-08-23,12240000.0
621,3090957.09,Horror,7.5,2021-11-07,5610000.0
622,6957843.48,Sci-Fi,7.1,2015-07-31,30930000.0
623,13047433.55,Horror,2.9,2001-08-15,17510000.0
624,15239390.98,Sci-Fi,0.1,2008-02-10,12760000.0
625,8897193.67,Sci-Fi,7.0,2002-10-26,24100000.0
626,2767556.12,Sci-Fi,4.3,2003-03-06,3150000.0
627,13187273.3,Comedy,6.7,2002-04-14,25350000.0
628,11665092.69,Sci-Fi,,2008-01-05,46790000.0
629,10603065.83,Action,1.0,2000-12-09,15420000.0
630,2547966.66,Drama,8.8,2021-11-04,3750000.0
631,5872670.73,Drama,6.5,2012-11-14,15040000.0
632,4897296.54,Horror,4.2,2012-02-27,7410000.0
633,11828633.95,Comedy,4.5,2008-11-18,23890000.0
634,2614453.92,Action,8.5,2018-06-22,16820000.0
635,3509156.9,Comedy,3.6,2010-01-06,4320000.0
636,5101066.81,Sci-Fi,5.7,2017-07-12,22320000.0
637,13510386.53,Drama,5.5,2009-04-23,15460000.0
638,3675265.12,Horror,4.0,2017-12-01,4620000.0
639,14250545.32,Horror,9.6,2014-12-16,52340000.0
640,110668861.97,Drama,2.8,2004-10-23,142150000.0
641,12508731.68,Comedy,3.5,2021-08-27,21230000.0
642,14783483.6,Drama,4.9,2009-08-03,12580000.0
643,15272256.41,Horror,9.6,2011-05-31,18840000.0
644,9392641.97,Sci-Fi,3.0,2011-01-30,18510000.0
645,16477709.93,Horror,9.9,2013-09-05,18290000.0
646,44546062.14,Action,1.9,2006-03-26,37290000.0
647,12543117.65,Sci-Fi,7.1,2019-01-17,15590000.0
648,122567271.17,Comedy,2.8,2016-03-30,110990000.0
649,2267299.57,Drama,7.1,2008-12-13,7840000.0
650,16025508.73,Horror,9.5,2008-12-16,144500000.0
651,20436054.08,,2.9,2014-03-14,13050000.0
652,4432781.66,Sci-Fi,1.1,2004-07-05,4270000.0
653,5504656.92,Comedy,3.9,2016-07-25,11180000.0
654,6410145.33,Drama,1.8,2018-08-08,9650000.0
655,7307518.46,Comedy,2.7,2009-11-01,8350000.0
656,14948345.26,Horror,,2004-04-08,12490000.0
657,4651613.14,Horror,8.2,2006-04-12,12720000.0
658,1253279.95,Horror,2.1,2000-06-05,870000.0
659,1183350.49,Horror,2.6,2019-03-02,970000.0
660,13386223.17,Sci-Fi,4.9,2000-10-05,33620000.0
661,6244160.79,Drama,5.8,2020-09-08,2040000.0
662,10309677.43,Horror,7.9,2016-04-04,26120000.0
663,13743848.57,Drama,1.2,2007-10-09,14680000.0
664,10848197.49,Drama,8.5,2018-07-12,15530000.0
665,13761189.79,Sci-Fi,7.9,2016-10-28,51290000.0
666,15984943.78,Comedy,1.8,2011-03-07,8040000.0
667,21575190.06,Drama,0.8,2006-04-17,10760000.0
668,2897898.95,Drama,,2013-04-03,4090000.0
669,3878621.97,Action,8.1,2009-11-22,13080000.0
670,1183926.82,Horror,8.4,2001-05-05,1620000.0
671,11302342.98,Horror,0.1,2010-09-13,10390000.0
672,10443983.79,Drama,0.5,2007-07-16,3130000.0
673,31236165.13,Drama,8.8,2008-09-25,114500000.0
674,8677860.78,Sci-Fi,5.2,2002-06-16,24550000.0
675,6831909.56,Drama,5.1,2011-01-08,9410000.0
676,6722522.41,Horror,1.1,2014-02-18,2540000.0
677,10036681.37,Action,8.6,2015-03-20,31830000.0
678,6063539.98,Drama,2.2,2012-10-16,14590000.0
679,3325765.22,Horror,2.8,2001-12-28,5120000.0
680,5501858.62,Comedy,4.9,2018-03-09,11840000.0
681,28969597.53,Comedy,7.6,2015-03-31,39880000.0
682,28903876.95,Sci-Fi,9.0,2009-12-19,332120000.0
683,4314820.38,Drama,2.3,2012-07-22,6040000.0
684,29247131.0,Comedy,1.0,2015-11-11,35090000.0
685,12557669.76,Comedy,7.7,2018-11-02,123460000.0
686,68104634.44,Horror,5.7,2006-03-04,175920000.0
687,4680955.53,Horror,7.2,2016-08-21,8850000.0
688,8042109.43,Horror,8.9,2010-07-06,8730000.0
689,5180763.9,Horror,9.2,2002-09-15,11170000.0
690,15679817.44,Sci-Fi,0.0,2001-10-01,2850000.0
691,43642642.49,Comedy,1.0,2001-05-26,56340000.0
692,3228327.64,Horror,6.2,2014-05-23,9360000.0
693,7292835.28,Sci-Fi,9.9,2003-06-22,21430000.0
694,14773784.84,Sci-Fi,5.5,2007-07-06,49970000.0
695,6874480.3,Drama,5.9,2000-02-18,8570000.0
696,46357432.67,Horror,8.7,2004-02-12,135850000.0
697,1000000.0,Horror,6.5,2010-02-18,2500000.0
698,12090804.35,Horror,4.7,2007-04-25,6080000.0
699,8971774.22,Horror,0.3,2008-12-05,5380000.0
700,37092206.71,Drama,6.1,2015-12-31,34550000.0
701,10527998.99,,7.5,2013-02-23,19620000.0
702,10263172.71,Drama,7.8,2017-10-18,42260000.0
703,31123550.63,Horror,1.3,2016-09-03,35780000.0
704,9953822.52,,5.1,2011-10-19,23600000.0
705,89562261.99,Action,9.1,2018-09-16,223660000.0
706,52391548.46,Action,0.4,2012-08-12,17700000.0
707,6837647.74,Drama,9.6,2020-10-06,17080000.0
708,23075558.82,Sci-Fi,9.9,2014-11-10,80770000.0
709,5982552.86,Horror,3.7,2018-06-30,9240000.0
710,2812145.15,Sci-Fi,6.1,2013-01-23,5530000.0
711,24780348.06,Drama,0.9,2020-06-05,10660000.0
712,2987208.84,Drama,1.5,2007-09-25,2500000.0
713,4405983.84,Horror,4.4,2005-04-29,6410000.0
714,74816064.99,Drama,8.7,2008-05-29,64950000.0
715,9183603.56,Horror,5.8,2019-02-08,7550000.0
716,23057757.07,Action,5.9,2010-06-02,63290000.0
717,2047056.2,Sci-Fi,9.4,2014-03-09,6760000.0
718,1406227.27,Horror,3.0,2006-05-25,1130000.0
719,25443417.1,Comedy,9.5,2003-09-26,49490000.0
720,18966600.13,Sci-Fi,0.8,2019-02-14,29770000.0
721,9378968.1,Action,0.6,2012-02-07,15660000.0
722,11264962.47,,0.1,2003-11-28,3560000.0
723,13819184.2,Comedy,0.8,2012-03-14,7260000.0
724,14078446.11,Action,3.2,2001-02-19,50370000.0
725,3065718.1,,9.5,2001-02-17,26560000.0
726,1666949.74,Comedy,6.4,2016-07-20,4410000.0
727,7494421.99,Horror,4.2,2013-05-19,3040000.0
728,6470126.95,Sci-Fi,9.6,2006-07-09,68470000.0
729,14869468.34,Horror,3.9,2006-09-03,18420000.0
730,14653647.02,Drama,6.5,2013-06-06,30390000.0
731,7065263.78,Comedy,6.3,2017-07-07,23680000.0
732,23738940.32,Horror,0.9,2001-07-10,19370000.0
733,2700407.96,Horror,7.3,2013-02-25,4690000.0
734,4202625.73,Horror,1.3,2013-05-17,5520000.0
735,9106157.98,Comedy,2.7,2002-06-02,6190000.0
736,33134956.68,Action,1.5,2017-10-06,37770000.0
737,9661834.81,Comedy,7.4,2000-04-25,33960000.0
738,39434001.89,,6.1,2021-07-02,35920000.0
739,52444504.69,Sci-Fi,0.2,2012-12-27,60280000.0
740,3003568.67,Action,0.0,2006-11-04,2640000.0
741,1401700.51,Comedy,,2003-03-20,1310000.0
742,4072230.89,Action,6.0,2015-05-09,9670000.0
743,11742032.89,Horror,1.3,2013-12-01,8700000.0
744,2520765.52,Sci-Fi,4.5,2004-09-14,4960000.0
745,18764369.5,Comedy,9.8,2007-09-09,63080000.0
746,1000000.0,Action,0.2,2017-01-31,520000.0
747,26318525.97,Drama,,2011-04-17,27560000.0
748,7250705.51,Action,2.2,2012-03-05,7990000.0
749,9178888.11,Horror,8.1,2021-01-22,22830000.0
750,6555127.66,Comedy,8.9,2003-03-20,5210000.0
751,13133102.71,Horror,0.9,2007-04-26,7160000.0
752,1192667.8,Action,9.8,2009-08-07,5140000.0
753,6014991.95,Action,0.6,2004-12-08,4390000.0
754,21442643.73,Sci-Fi,6.5,2011-09-01,117070000.0
755,11442219.29,Horror,0.1,2003-07-15,11850000.0
756,3033877.85,Sci-Fi,0.9,2016-05-01,1340000.0
757,9740079.98,Action,0.4,2015-03-13,15230000.0
758,11097443.58,Horror,1.1,2010-02-22,4470000.0
759,8706671.45,Sci-Fi,9.6,2020-03-25,20510000.0
760,13995828.95,Horror,2.4,2018-04-21,26660000.0
761,17509346.07,Sci-Fi,7.6,2004-12-11,69110000.0
762,32177666.25,Drama,3.6,2007-11-08,20020000.0
763,6454614.8,,3.4,2016-12-25,7290000.0
764,4428069.38,Comedy,8.9,2015-07-01,12250000.0
765,17541086.56,Action,8.2,2006-06-23,52810000.0
766,10044595.15,Drama,3.6,2018-08-10,8010000.0
767,9902163.25,Comedy,6.6,2018-07-02,21780000.0
768,15167732.07,Sci-Fi,7.3,2003-07-09,84660000.0
769,2738698.51,Comedy,5.7,2008-02-25,5880000.0
770,20391268.55,Sci-Fi,6.8,2015-12-14,49810000.0
771,24718496.8,Sci-Fi,6.8,2010-02-04,67080000.0
772,12326775.34,Drama,0.2,2015-07-06,11040000.0
773,15855759.17,Sci-Fi,6.8,2019-08-11,80910000.0
774,1000000.0,Drama,8.5,2000-03-08,2800000.0
775,13635945.4,Sci-Fi,0.6,2010-03-26,5420000.0
776,24186761.13,Sci-Fi,3.4,2021-08-06,58460000.0
777,1784947.51,Comedy,2.8,2006-11-25,2060000.0
778,9628293.79,Sci-Fi,1.4,2014-03-08,21290000.0
779,1752659.2,Drama,5.2,2010-07-08,1790000.0
780,56904102.7,Horror,9.3,2019-12-29,216100000.0
781,4828765.53,Action,8.0,2017-11-01,13690000.0
782,41334209.46,Drama,5.5,2012-09-21,44030000.0
783,3721790.5,Action,9.7,2005-07-26,31600000.0
784,5486043.66,Horror,5.1,2000-09-30,10270000.0
785,5788727.63,Horror,0.6,2013-10-24,3580000.0
786,2270512.31,Drama,1.7,2016-11-29,2460000.0
787,2764584.89,Action,5.0,2011-10-16,5270000.0
788,6065205.88,Action,7.2,2004-05-09,18720000.0
789,1990750.67,Horror,2.9,2008-08-06,5650000.0
790,30566150.82,Comedy,1.9,2006-10-03,20780000.0
791,4580258.66,Horror,9.3,2003-09-12,8840000.0
792,12030477.38,Drama,0.8,2016-06-11,11550000.0
793,18823459.69,Comedy,8.3,2013-11-23,19030000.0
794,3678715.7,Drama,1.5,2014-02-08,1510000.0
795,38066016.21,Horror,0.4,2001-04-12,42550000.0
796,47159716.87,Comedy,4.1,2019-08-22,88950000.0
797,5648246.73,Comedy,7.3,2007-01-08,16940000.0
798,20659510.84,Action,0.6,2014-08-22,15400000.0
799,40912887.82,Action,9.3,2003-03-13,151910000.0
800,14245601.98,,0.3,2008-03-03,13610000.0
